id,text,label,confidence,source,suggested_label,corrected_label
c4722ace-33ba-446b-9178-78633c16bcc4,Minimum frequency to build up tolerance to seasickness? sailing,safety,0.370106,stackexchange_sailing,safety,safety
c16b5202-f5d8-4b38-8b5e-1ce4716f4b1a,How many boats have been found encased in ice but still accessible? boats cold-weather sailing sea ice,weather,0.256027,stackexchange_sailing,weather,weather
252f75de-b0cd-4e85-9221-0549f72373b5,Will a Sunfish mast and rigging fit any other dinghy models? sailing,equipment,0.694023,stackexchange_sailing,equipment,equipment
83bcf4dc-1596-40a3-b028-4acc20163dfa,Lake Ontario boating restrictions near Darlington nuclear plant? sailing canada lakes,navigation,0.450984,stackexchange_sailing,navigation,navigation
18bd26c7-057b-48b2-b326-5ea7281ec793,Locations of origin for castaway on Papua New Guinea survival sailing sea weather,weather,0.647652,stackexchange_sailing,weather,weather
2a817d0b-8187-4a57-8ff7-757c3e11b17a,What do they call a rope for holding something in the context of the navy? sailing terminology,equipment,0.425082,stackexchange_sailing,equipment,equipment
b9d13a25-4bfe-498c-b101-e628327bd4bf,What is the best way to plan an inland sailing trip? sailing water-sports,other_or_offtopic,0.49689,stackexchange_sailing,other_or_offtopic,other_or_offtopic
36fcaa73-eb07-4cc4-8e86-a815b10d91ea,Sailing an age-of-sail sloop with 2-man crew sailing,equipment,0.353364,stackexchange_sailing,equipment,equipment
54f3c82c-dfbb-4959-8aa6-2577274ec475,Do square-riggers also use 'aircraft-wing-style' propulsion? sailing,equipment,0.539591,stackexchange_sailing,equipment,equipment
b55e2e37-36ef-442d-bc52-3f0cf603a7a8,What do you do if you discover a leak in a sail boat? sailing,safety,0.307129,stackexchange_sailing,safety,safety
85042d29-4f87-4f4a-9b0d-1b4a0647f67c,How should I check that the anchor is secure when I anchor a small yacht off unfamiliar land? boats sea sailing boating-anchors,equipment,0.372853,stackexchange_sailing,equipment,equipment
fe538254-0476-4d24-8e3c-3eaf2ef1f023,How to manage the sail of a sunfish when paddling? sailing paddling,safety,0.315895,stackexchange_sailing,safety,safety
48e07a90-f401-41cb-a631-d0f1f481bc32,Why is sailing straight downwind considered dangerous? boats sailing,other_or_offtopic,0.388478,stackexchange_sailing,other_or_offtopic,other_or_offtopic
d06cab91-606c-47df-8347-c399f01462d8,Why did Lewis and Clark use square rigged boats? boats sailing history,other_or_offtopic,0.495116,stackexchange_sailing,other_or_offtopic,other_or_offtopic
7cf1c1bc-6a45-4617-8268-b24119a57d20,Fix/patch a leaky through-hull fitting below the waterline boats sailing repairs,navigation,0.497642,stackexchange_sailing,navigation,navigation
f84c2848-2591-4afd-b771-28dfc350ffd1,What to do with a yacht when a stronger wind blast comes? sailing,navigation,0.268225,stackexchange_sailing,navigation,navigation
9c0efc98-41f1-4770-964b-42fa021343bb,When driving a power driven vessel heading towards the port beam of another vessel underway what is the correct proceedure to pass on the stern? safety sailing river-navigation,safety,0.546459,stackexchange_sailing,safety,safety
417bf2cf-60bd-468c-82c6-3ace4b24ed2a,Please help identify this sailcraft sailing manmade-object-identification australia,equipment,0.389077,stackexchange_sailing,equipment,equipment
82ab6c38-de29-47e6-a021-1b25967b4637,How long to sail from the Yucatán Channel to Belize City? sailing,navigation,0.434332,stackexchange_sailing,navigation,navigation
51da7048-368e-4da5-9e00-7465686a5b4e,Drawbacks and advantages of using a trimaran instead of a monohull for sailing in the arctic? boats sailing arctic,other_or_offtopic,0.263144,stackexchange_sailing,other_or_offtopic,other_or_offtopic
4dc364a5-e51a-49b4-a6dd-6023c7c64c7b,What's the hardest wearing multibraid rope type? ropes boats sailing,equipment,0.455406,stackexchange_sailing,equipment,equipment
479cebac-6c16-4808-ab46-3727ec10a975,replace Sunfish flotation blocks boats sailing repairs,equipment,0.697086,stackexchange_sailing,equipment,equipment
be75d32e-f39a-48f7-9ec6-805cd9924d14,What should I look for in a used wet suit? safety gear sailing scuba-diving wetsuits,safety,0.67948,stackexchange_sailing,safety,safety
2413dcdf-8c70-45ff-a8ba-17d350bdbb70,Sailing rules within three boat length circle sailing,safety,0.592402,stackexchange_sailing,safety,safety
bba55cde-4707-4f22-83f1-e40fd6931807,Help me interface these two nautical devices boats sailing gps electronic-gear,equipment,0.472952,stackexchange_sailing,equipment,equipment
6ce72baa-3ff0-4ae2-8fe4-0b9f4b26e5c0,Specific Chinese carabiner QA? safety sailing carabiners,safety,0.626854,stackexchange_sailing,safety,safety
8e44544f-b957-4b0f-ba46-87ad40a78057,What type of rope to use for the mainsheet of sunfish? ropes sailing boats,equipment,0.462464,stackexchange_sailing,equipment,equipment
ccfc50fa-fb62-45c7-8a8d-24fde3f52d11,How much heel is optimal on a small katamaran in low wind? boats sailing wind,equipment,0.372716,stackexchange_sailing,equipment,equipment
a586ce01-77ba-4f53-8b07-0af7e43cbb5a,Contacting a yacht on IJsselmeer (Netherlands) sailing the-netherlands,navigation,0.386,stackexchange_sailing,navigation,navigation
d6fafe0a-23e1-42d8-a273-9b8a4fdfda70,What is head/lift indication in a digital compass on a sailboat? boats sea sailing compasses,equipment,0.544704,stackexchange_sailing,equipment,equipment
c802b9b3-ca1d-43ed-8fc5-810d615a50a0,"When trimming my sails, why would I want them to stand flat, versus having some belly? sailing technique",other_or_offtopic,0.51248,stackexchange_sailing,other_or_offtopic,
59360b99-4132-4d94-ac04-a6185bc23b4d,How do you determine the optimum time to tack? sailing tacking,navigation,0.635119,stackexchange_sailing,navigation,
4f757ffd-62bb-4924-971a-fe36b528d026,"How to ""pump"" my sail to go upwind or when becalmed? sailing",navigation,0.528402,stackexchange_sailing,navigation,
90c16b7f-9417-488d-9604-1ca1e04da53f,"Does ""Ice Sailing"" Count as Boating? boats sailing",other_or_offtopic,0.634556,stackexchange_sailing,other_or_offtopic,
0967d662-8d4e-45d1-b1d0-eff3cc97a75f,Activities on a long voyage to avoid boredom? boats sea sailing,other_or_offtopic,0.383312,stackexchange_sailing,other_or_offtopic,
c3670b01-68fd-4584-89b2-164c85b6ee78,What do the numbers on a sail boats sail represent? sailing,navigation,0.37114,stackexchange_sailing,navigation,
35782606-6cf9-4d8d-8bb1-4c6f6b39e6db,"What are the differences between boats and ""ice yachts""? boats sailing ice",other_or_offtopic,0.570214,stackexchange_sailing,other_or_offtopic,
2b50e9d9-8300-4eb6-a3f7-32d80ce2e52f,What are the main disadvantages to a kiteboat in terms of long distance bluewater sailing? sailing,other_or_offtopic,0.5421,stackexchange_sailing,other_or_offtopic,
8f3424b4-aeb1-472f-a0a7-cc60c27dbe23,What should a beginner look for in a sextant? sailing,equipment,0.645421,stackexchange_sailing,equipment,
9dda213d-197e-4d5d-b8cb-ba6035719075,How did/does shrinking canvas effect sailing ships? sailing canvas,other_or_offtopic,0.443398,stackexchange_sailing,other_or_offtopic,
69d28336-9ccf-4ac1-828f-f348e29aa00f,Why did wetting down canvas sails increase the speed of a sailing ship? sailing history canvas,other_or_offtopic,0.429233,stackexchange_sailing,other_or_offtopic,
5fadf256-f81e-47c2-86bb-437b5bee8698,What is the purpose of being close-hauled when sailing upwind? sailing,other_or_offtopic,0.545837,stackexchange_sailing,other_or_offtopic,
6c0baee0-2371-4e99-9ba7-8539a73e0f49,"When a sailing ship is pursuing another upwind, why does the distance gained to windward matter so much? sailing",navigation,0.32729,stackexchange_sailing,navigation,
588a24c6-3b28-4ff3-85b5-b0dfbc73f06f,Is there a point at which one is committed to a tack? sailing tacking,navigation,0.517091,stackexchange_sailing,navigation,
88c11e78-0f67-4189-886d-46319e59157a,"How long is the battery life of a GPS tracker, when used to detect motion only? sailing gps theft",equipment,0.459715,stackexchange_sailing,equipment,
9a2eef82-c71a-4af1-9f53-1ed769df4578,"When stranded at sea, should I not ask for a tow? sailing sea legality",safety,0.372383,stackexchange_sailing,safety,
0ae1524c-36fb-4498-b4bd-92801c28a77e,Is it legal to sail a personal-size boat in the ocean in Massachusetts during a thunderstorm? sailing legality sea lightning massachusetts,weather,0.374791,stackexchange_sailing,weather,
7de36a47-1d5a-4efd-b6ee-ddc679b8d530,When does a Rope become a Line? ropes sailing terminology,navigation,0.478543,stackexchange_sailing,navigation,
39e30b50-ac95-4b8e-91f0-8f05fc967b47,Crew requirements for sailing a ketch sailing water-sports,navigation,0.227539,stackexchange_sailing,navigation,
6d8869c8-a269-4629-b0c2-82aeb8f87f08,Techniques for building a raft from wood survival sailing wooden,equipment,0.521031,stackexchange_sailing,equipment,
222d982e-ebc7-498a-b687-6ac0aa2d5220,Alternative Gooseneck options for small home built sail boats sailing,equipment,0.363303,stackexchange_sailing,equipment,
c0dbd5da-e5ee-4939-967e-d254eefe44c1,"Sailing from the Wash, UK to France during World War II. sailing history",other_or_offtopic,0.262469,stackexchange_sailing,other_or_offtopic,
55631e5b-35f3-4426-8edb-59c49226b24f,"Changing the shrouds, how would I know how far if I need to? sailing boats",other_or_offtopic,0.316594,stackexchange_sailing,other_or_offtopic,
28686d57-cb82-4471-8453-6e2055b0f216,Would waterproofing Styrofoam in a boat make water retention better or worse? boats sailing waterproofing,equipment,0.268707,stackexchange_sailing,equipment,
7e235048-919a-426e-8152-da0cb5554caa,What is the hand-pedal device called on an Open 60 sailboat? sailing boats,equipment,0.642536,stackexchange_sailing,equipment,
6a1ae464-b750-4e2b-8f96-040812a8b52e,What and where is the builder's plate on a boat? boats sailing,other_or_offtopic,0.294779,stackexchange_sailing,other_or_offtopic,
ea2946d9-3438-40fe-8ce0-94d0de67c4c5,How do you stabilize a sextant for use on a boat in rough water? navigation sailing boats,navigation,0.610043,stackexchange_sailing,navigation,
00a4cac8-0f4e-435e-9744-d6a8ea78f97c,Do raw eggs need to be rotated for freshness on a long voyage? food sailing,other_or_offtopic,0.390188,stackexchange_sailing,other_or_offtopic,
bce31645-b7ba-48eb-9204-5d80eaf6f3ab,What do you call it when a sailboat starts to have trouble? boats sailing wind,weather,0.261643,stackexchange_sailing,weather,
db50d9ea-c54f-4421-8e4f-5153519d11c3,Avoiding microbial contamination of diesel fuel sailing,safety,0.62106,stackexchange_sailing,safety,
b363fc6c-e58f-4d7d-9ccc-1b89921cd6bd,How do I calculate how much lift an outrigger needs? boats sailing canoes,equipment,0.657536,stackexchange_sailing,equipment,
4b1df1ac-2056-4a15-8a26-d82be101cc6b,How can I prevent a fiberglass crack in my sailboat from getting worse? sailing boats repairs,equipment,0.490511,stackexchange_sailing,equipment,
2bbca68c-3853-4132-80fc-b223164df538,Renting a boat for overnight in ocean? sailing boats,other_or_offtopic,0.367769,stackexchange_sailing,other_or_offtopic,
47b89478-a815-4136-a353-b85af3803046,What's the best way to remove layers of bottom paint from a sailboat hull? sailing,other_or_offtopic,0.526041,stackexchange_sailing,other_or_offtopic,
4ffcb62a-8ce3-413a-80fe-9181a35e3e13,What is the aspect ratio of a keel and how does it affect your how your boat sails? sailing,equipment,0.593991,stackexchange_sailing,equipment,
64ba7fcf-0563-46a1-bb64-57c9dfddfee4,How would you evaluate sailing lessons for adults? sailing training,other_or_offtopic,0.292307,stackexchange_sailing,other_or_offtopic,
2cb52faf-140d-47a9-a35d-50323529ebec,Maxi Yacht: How do the keel and the hull align when heeled over? sailing,navigation,0.396981,stackexchange_sailing,navigation,
16a8bba3-f52c-476d-b641-a81497100121,Difference between full keel and fin keel? sailing,navigation,0.606569,stackexchange_sailing,navigation,
dd89e7b5-40ab-499e-a05c-152e95028523,What's the fastest and easiest way to replace an in-boom outhaul? ropes sailing boats,equipment,0.624906,stackexchange_sailing,equipment,
7a5a75e6-b11f-4f5e-9353-994045e4554c,Things to consider when choosing a sailing club sailing boats,other_or_offtopic,0.266698,stackexchange_sailing,other_or_offtopic,
e2d81769-c1aa-4a54-81bc-e592dd2ad913,Creative Uses for Deli Paper in Sailing and Beyond,other_or_offtopic,0.55928,sailingforums,other_or_offtopic,
8ca4365e-f205-4ff7-87b0-1918d6ed1f74,NewsApplications Now Open – 2026 ILCA 6 Men’s World Championships,other_or_offtopic,0.424517,sailingforums,other_or_offtopic,
0f4efb65-ff90-4616-a598-d61053aa0d62,News2026 J/24 Midwinter Championship Delivers Thrilling Finish at Florida Yacht Club,other_or_offtopic,0.27782,sailingforums,other_or_offtopic,
f9dea90a-f34b-46e2-accc-509c244a57fe,"For SaleRefurbished J24 - Santa Cruz - Ready to Sail w/ Trailer - $6,500",other_or_offtopic,0.326691,sailingforums,other_or_offtopic,
e5f9c7f9-7d63-4daf-9b3c-17f585231570,"Dyneema vs. Wire: How to pick the right standing rigging for your yacht. When upgrading stays and standing rigging do you choose wire or HMPE? And where might it pay to replace stainless steel with Dyneema? Bruce Jacobs reports A thousand miles from anywhere in the Atlantic, with the trades blowing hard and the boat surfing down lumpy seas, …Continue reading » The post Dyneema vs. Wire: How to pick the right standing rigging for your yacht appeared first on Yachting World .",weather,0.402593,rss_www.yachtingworld.com,weather,
bc908502-bd93-4503-86a3-49771b345288,"How to win at double handed sailing: Expert tips. Pam Lee has competed in high level double-handed racing for four seasons, from Figaro to Class 40s. Here she shares winning tips for sailing two-up with Andy Rice The team dynamic in double-handed sailing is very different compared with fully crewed boats, says Pam Lee. “In your classic …Continue reading » The post How to win at double handed sailing: Expert tips appeared first on Yachting World .",other_or_offtopic,0.423114,rss_www.yachtingworld.com,other_or_offtopic,
36c271eb-aa28-4a6b-b29a-cec798038e00,"Balancing the visceral joy of sailing with its mental toll – Nikki Henderson. Boat should be stationary when casualty is brought alongside. Photo: Tiger Brisius/16° South/Clipper The sea is usually our happy place. But when it isn’t, factoring in recovery – both mentally and physically – is part of good seamanship Do you find a sense of belonging at sea? A deep intuition that it’s the right place for you? Dare …Continue reading » The post Balancing the visceral joy of sailing with its mental toll – Nikki Henderson appeared first on Yachting World .",other_or_offtopic,0.346287,rss_www.yachtingworld.com,other_or_offtopic,
d37b67de-df30-4d6d-9417-dafd3aeac323,Spring 2026 boat maintenance guide. Sponsor Content created with International Yacht Paint Spring is in the wind and the start of the sailing season draws near. Give your boat the care it …Continue reading » The post Spring 2026 boat maintenance guide appeared first on Yachting World .,licensing,0.504595,rss_www.yachtingworld.com,licensing,
f4f1fb12-4bf6-42ba-bdf2-c46782a0a4b7,Officially the best performance yachts of 2026. Toby Hodges takes a look at all the nominees and the winner of the performance yacht category in the European Yacht of the Year Awards The European Yacht of the Year awards is the most thorough and impartial awards programme – the winners here are …Continue reading » The post Officially the best performance yachts of 2026 appeared first on Yachting World .,other_or_offtopic,0.312222,rss_www.yachtingworld.com,other_or_offtopic,
e43bc6de-1133-4672-bb33-dca32ef88dd6,"INEOS challenges Ainslie over £180m America’s Cup boat. The fall-out between Ainslie and Ratcliffe after the last America's Cup has escalated once more, with a dispute over who owns the £180-million AC75 the British team will need for the America's Cup next year Former British America’s Cup team title sponsor Sir Jim Ratcliffe of petrochemicals giant INEOS is taking legal action against team …Continue reading » The post INEOS challenges Ainslie over £180m America’s Cup boat appeared first on Yachting World .",other_or_offtopic,0.447081,rss_www.yachtingworld.com,other_or_offtopic,
49ba7791-613e-4b5e-aea5-fa8325154897,"The Best Specialist Yachts 2026: Impressive daysailers and sportsboats. Toby Hodges takes a look at all the nominees and the winner of the specialist yachts category in the European Yacht of the Year Awards What do you do when you have yachts that are as diverse as innovative daysailers, a lake sportsboat, a recyclable …Continue reading » The post The Best Specialist Yachts 2026: Impressive daysailers and sportsboats appeared first on Yachting World .",other_or_offtopic,0.376746,rss_www.yachtingworld.com,other_or_offtopic,
8a0ed399-7a75-40b0-bca3-47b3383a3d3b,World’s coolest yachts: VO70 Mar Mostro / Puma – ‘She was so powerful that helming this boat I felt nothing wrong could happen’. Mar Mostro. Photo: Dan Armstrong/PUMA Ocean Racing/Volvo Ocean Race/Getty We ask top sailors and marine industry gurus to choose the coolest and most innovative yachts of our time. Benjamin Schwartz nominates the VO70 Mar Mostro The VO70 Mar Mostro / Puma was designed by Juan K and originally took part in the 2011-12 Volvo Ocean …Continue reading » The post World’s coolest yachts: VO70 Mar Mostro / Puma – ‘She was so powerful that helming this boat I felt nothing wrong could happen’ appeared first on Yachting World .,other_or_offtopic,0.249899,rss_www.yachtingworld.com,other_or_offtopic,
ab3a18f0-1660-41c6-b48e-168eaf601f99,"Best family yacht 2026: Adventures with the whole family. Toby Hodges takes a look at all the nominees and the winner of the best family yacht category in the European Yacht of the Year Awards There are many categories in the European Yacht of the Year awards, from the best luxury yachts to performance yachts. But some of …Continue reading » The post Best family yacht 2026: Adventures with the whole family appeared first on Yachting World .",other_or_offtopic,0.42457,rss_www.yachtingworld.com,other_or_offtopic,
afcb7187-6190-482c-88ee-bc56af8483e5,"The enduring Atlantic Rally for Cruisers: Perspectives from the sailors who’ve done it. Open to all: PanExplore is one of several operators that offers novice sailors a chance to complete an ARC. Photo: PanExplore.com It’s 40 years on from the first ARC rally. Yachts are bigger, and technology is smarter – but experiencing the crossing of an ocean remains unchanged. Elaine Bunting reports Ask Atlantic Rally for Cruisers sailors arriving in St Lucia what it was like to cross the Atlantic and most …Continue reading » The post The enduring Atlantic Rally for Cruisers: Perspectives from the sailors who’ve done it appeared first on Yachting World .",other_or_offtopic,0.324828,rss_www.yachtingworld.com,other_or_offtopic,
869491a5-f07b-4015-894c-9377dba8fd9a,Best Luxury Yachts 2026: The definitive guide to this year’s best!. Toby Hodges takes a look at all the nominees and the winner of the best luxury yacht category in the European Yacht of the Year Awards 2026 The definition of the best luxury yacht will differ according to personal opinion and from boat to boat. This year’s …Continue reading » The post Best Luxury Yachts 2026: The definitive guide to this year’s best! appeared first on Yachting World .,other_or_offtopic,0.313177,rss_www.yachtingworld.com,other_or_offtopic,
9f8424e1-641e-4ab3-b782-cdaedc00c484,Cheapest winches you can buy! West Marine’s ludicrous BUY ONE GET ONE FREE DEAL returns. Now is the time to grab yourself a Lewmar winch bargain in West Marine's biggest winch sale of the year. This is a deal you don't want to miss! Every spring for the last two years West Marine has offered this absolutely bonkers winches deal and they are back …Continue reading » The post Cheapest winches you can buy! West Marine’s ludicrous BUY ONE GET ONE FREE DEAL returns appeared first on Yachting World .,equipment,0.376239,rss_www.yachtingworld.com,equipment,
98bf1cfd-c4cf-45f2-bc7e-c7e4a11127de,"Sailing to South Georgia: Retracing Shackleton’s 1916 traverse. Photo: Zu Macdermot Sailing to South Georgia Island, a family sail-ski-climb adventure for Skip Novak reveals the changing Shackleton Traverse We hit the cold front square on. From light and variable in the centre of the low, bottoming out at …Continue reading » The post Sailing to South Georgia: Retracing Shackleton’s 1916 traverse appeared first on Yachting World .",weather,0.25136,rss_www.yachtingworld.com,weather,
781c5c14-0d79-4753-a730-a3a761f40041,"The slow, slow road to becoming flat-out fastest – Matt Sheahan. Thomas Coville and Sodebo, racing in the Arkea Ultim Challenge 2024. Photos: Alexis Courcoux Ocean racing tech seems to be developing at breakneck pace – but it takes years to get these complex beasts up to speed When Francis Joyon and his crew aboard IDEC Sport set a ground-breaking record for a non-stop lap of the planet …Continue reading » The post The slow, slow road to becoming flat-out fastest – Matt Sheahan appeared first on Yachting World .",other_or_offtopic,0.325295,rss_www.yachtingworld.com,other_or_offtopic,
54b61d9e-9c08-4473-b150-ec2e5ca2917e,"Hanse Yachts – Superior build quality, sporty performance and class-leading ease of handling. Sponsor Content created with Hanse Yachts Over the last 35 years, Hanse has forged a very clear position in the cruising yacht market, which no other …Continue reading » The post Hanse Yachts – Superior build quality, sporty performance and class-leading ease of handling appeared first on Yachting World .",licensing,0.482806,rss_www.yachtingworld.com,licensing,
64dabf67-f080-4a32-975e-5f129a024cba,"Russian submarines and GPS jamming: The new reality for Baltic cruisers. “Look, Gerd... what is that? Is it a boat? Is it moving?” Photo: Buzz Pictures/Alamy Russia’s ‘grey zone’ activity in the Baltic, from GPS interference to aggressive shadowing, is unsettling sailors. Will this be the new normal, asks Elaine Bunting? “Look, Gerd… what is that? Is it a boat? Is it moving?” Anke Schekahn was on watch with her husband, …Continue reading » The post Russian submarines and GPS jamming: The new reality for Baltic cruisers appeared first on Yachting World .",other_or_offtopic,0.406829,rss_www.yachtingworld.com,other_or_offtopic,
4c1a86bf-dc85-44a7-8014-eff3b8e8755f,How to watch SailGP Sydney 2026 with reduced fleet following serious collision. Want to watch the 2026 Sydney SailGP action from anywhere in the world but don't know when or where to watch it? Here's everything you need to know to tune in The race for the $2 million SailGP 2026 prize purse continues this weekend at the KPMG Sydney Sail Grand Prix. …Continue reading » The post How to watch SailGP Sydney 2026 with reduced fleet following serious collision appeared first on Yachting World .,other_or_offtopic,0.285505,rss_www.yachtingworld.com,other_or_offtopic,
87f15a1a-39a6-49d7-abb7-df2211da3485,"Expert navigator tips: How to master weather models for a winning edge. Will Harris at the nav station of the IMOCA Malizia in the 2023 iteration of The Ocean Race. Photo: Antoine Auriol/Team Malizia/The Ocean Race Professional skipper Will Harris explains to Andy Rice how to make a navigation plan using weather models to win a sailing race When he’s working up a weather and routing plan for an offshore race, Will Harris likes to build up the …Continue reading » The post Expert navigator tips: How to master weather models for a winning edge appeared first on Yachting World .",navigation,0.62459,rss_www.yachtingworld.com,navigation,
25d53a18-06fc-45cd-be69-5c702874a4bd,"South Pacific Sailing: ‘Niue is a tiny country almost no one has ever heard of’. Elliot silhouetted on Fortaleza’s bow against a beautiful South Pacific sunset in the west. Photo: Miranda Baker and Elliot Russo Niue, a tiny island, captures Miranda Baker’s heart after an adventurous South Pacific sailing passage via Minerva Reef, the mid-ocean refuge It feels like a big deal to finally leave New Zealand’s shores, after all the hard work we’ve put into …Continue reading » The post South Pacific Sailing: ‘Niue is a tiny country almost no one has ever heard of’ appeared first on Yachting World .",other_or_offtopic,0.279864,rss_www.yachtingworld.com,other_or_offtopic,
4d837288-2158-48ca-860e-c28b243fc3fd,"How do you winterise a sailor?! – Nikki Henderson. Passage planning skills are thoroughly tested Whether you're land bound for weeks of months, use your time off the water wisely says Nikki Henderson as she contemplates how to stay sharp in the off season I’ve never been one for New Year’s resolutions. They feel as loaded with guilt as they do optimism. And by …Continue reading » The post How do you winterise a sailor?! – Nikki Henderson appeared first on Yachting World .",navigation,0.328169,rss_www.yachtingworld.com,navigation,
f850587e-9449-43dc-8a52-c0560f512e1a,"Aussies win Auckland SailGP as injuries overshadow racing. Australia wins SailGP, Auckland, but heavy crashes and serious injuries to Louis Sinclair and Manon Audinet on the opening day overshadow the racing Tom Slingsby and his Australian team claimed victory at the ITM New Zealand SailGP this weekend, though the event was …Continue reading » The post Aussies win Auckland SailGP as injuries overshadow racing appeared first on Yachting World .",other_or_offtopic,0.461478,rss_www.yachtingworld.com,other_or_offtopic,
14bdd819-6e8c-4980-8b9d-e6b6bd0406ee,"Catastrophic crash at SailGP Auckland leaves two sailors injured. An aerial shot of Black Foils SailGP Team helmed by Peter Burling and DS Automobiles SailGP Team France helmed by Quentin Delapierre colliding during Race 3, on Race Day 1 of the ITM New Zealand Sail Grand Prix in Auckland, New Zealand. Saturday 14 February 2026. Rolex SailGP Championship Event 2 2026 Season. Photo: Simon Bruty for SailGP. Handout image supplied by SailGP Racing was abandoned at the Auckland SailGP event today after a horrific crash between the New Zealand Black Foils SailGP Team and DS Automobiles SailGP Team France. Two sailors, Louis Sinclair (NZL) and Manon Audinet (FRA), were taken to hospital for their injuries but are reported as stable Two sailors were reported as stable after being treated for injuries sustained during a serious crash between the Black Foils …Continue reading » The post Catastrophic crash at SailGP Auckland leaves two sailors injured appeared first on Yachting Wor",other_or_offtopic,0.229117,rss_www.yachtingworld.com,other_or_offtopic,
25ab5e8e-2902-47fb-abcd-9664fda13935,"Moody Deck Saloon Yachts: Ultimate Bluewater Luxury. Sponsor Content created with Moody Yachts With more and more sailors experiencing the space and comfort of catamarans on holiday, Moody DS owners know that you …Continue reading » The post Moody Deck Saloon Yachts: Ultimate Bluewater Luxury appeared first on Yachting World .",licensing,0.401678,rss_www.yachtingworld.com,licensing,
556e6c14-729d-4121-83d9-d96881ecd091,"World’s coolest boats: The Superfoiler. We ask top sailors and marine industry gurus to choose the coolest yachts of our times. This month Luke Parkinson nominates the Superfoiler “The Superfoiler was one of the coolest boats of all time,” says Luke Parkinson, who’s sailed everything from F50s to …Continue reading » The post World’s coolest boats: The Superfoiler appeared first on Yachting World .",licensing,0.225345,rss_www.yachtingworld.com,licensing,
67a9ebe9-f345-48dd-bfd2-6db16925968b,"Is now a good time to buy (or sell) a used boat?. A quiet season has led some buyers to expect bargains. But stock remains tight, paperwork matters more than ever, and the market is proving more active than the mood music suggests When activity levels drop, assumptions tend to fill the space. A softer economy should mean softer prices; fewer listings but …Continue reading » The post Is now a good time to buy (or sell) a used boat? appeared first on Yachting World .",weather,0.303175,rss_www.yachtingworld.com,weather,
22f6e0c7-c9c5-4044-b147-08d2c83c7134,"The smartest boat ever built? 500 sensors, custom autopilots, and the future of foiling. Gitana 18 was moved under cover of darkness Gitana 18 is the newest foiling Ultim trimaran, and a melting pot of crazy ideas that could potentially fly at 55 knots. Helen Fretter gets a look on board Lorient is the Hollywood of ocean racing. Like the movie factory of Los Angeles, the Brittany port is a seemingly …Continue reading » The post The smartest boat ever built? 500 sensors, custom autopilots, and the future of foiling appeared first on Yachting World .",other_or_offtopic,0.439651,rss_www.yachtingworld.com,other_or_offtopic,
3ae068d3-9289-4b38-acde-00a27bdc6319,"The commercial ship which uses 80% less fuel and proves the AeroRig’s worth. From an unloved 90s yacht to a 136m cargo ship, Matt Sheahan explores how the AeroRig’s rebirth is finally making wind-powered trade a reality There was little doubt that the Ian Howlett-designed 70-footer Fly, built by the Elephant Boatyard on the River Hamble, was …Continue reading » The post The commercial ship which uses 80% less fuel and proves the AeroRig’s worth appeared first on Yachting World .",other_or_offtopic,0.431561,rss_www.yachtingworld.com,other_or_offtopic,
f7d8fc5f-5ca7-4e84-a457-a7089276c1b1,There’s Never Been a Better Summer to Cruise New England by Boat. Ocean Havens' marinas connect the dots for the best of New England’s coastline. The post There’s Never Been a Better Summer to Cruise New England by Boat appeared first on Cruising World .,licensing,0.274221,rss_www.cruisingworld.com,licensing,
8a7fb006-e8b4-4973-a9b1-760d2043a5d9,"Bali 7.0 Flagship Scales Open-Concept Architecture. Bali Catamarans unveils the Bali 7.0, incorporating a 280-square-meter sail plan and owner-centric luxury layouts. The post Bali 7.0 Flagship Scales Open-Concept Architecture appeared first on Cruising World .",licensing,0.287829,rss_www.cruisingworld.com,licensing,
3cfec4db-cea3-4156-915d-953886b5e1ff,Raymarine: Evolution Autopilot Control Goes Wireless. The RCU-1 Wireless Autopilot Remote and WG-1 Starter Kit enable handheld helm control and a localized safety shutdown for solo offshore sailors. The post Raymarine: Evolution Autopilot Control Goes Wireless appeared first on Cruising World .,safety,0.56987,rss_www.cruisingworld.com,safety,
1f71cc5c-8e21-49a6-8b60-1c64d7acc1dd,"Mastering the Sky: Essential Weather Tools for Every Sailor. Legend Gary Jobson shares how to combine modern apps, traditional barometers, and cloud patterns for safer coastal sailing. The post Mastering the Sky: Essential Weather Tools for Every Sailor appeared first on Cruising World .",safety,0.439004,rss_www.cruisingworld.com,safety,
d4b5183b-a0bf-4eb1-956f-dac100ceb979,TRM43: Trimarine and Barreau/Neuman Target the Blue-Water Performance Gap. Portugal's Trimarine Compósitos announces a lightweight epoxy-composite catamaran aimed squarely at the serious offshore sailor—not the charter market. The post TRM43: Trimarine and Barreau/Neuman Target the Blue-Water Performance Gap appeared first on Cruising World .,other_or_offtopic,0.287249,rss_www.cruisingworld.com,other_or_offtopic,
d440d552-9d41-4199-971f-a4e293cbeba8,Furuno Brings Big-Boat Electronics to Smaller Vessels. The new TZtouchE Series and TZMAP units put flagship-level navigation capability where it's never fit before. The post Furuno Brings Big-Boat Electronics to Smaller Vessels appeared first on Cruising World .,navigation,0.538458,rss_www.cruisingworld.com,navigation,
225d4d1d-82f3-405e-9ebc-92e581c160f4,"Ronnie Simpson: Back from the Brink to Race Again. After a harrowing dismasting off Cape Horn, US Marine veteran Ronnie Simpson prepares for the 2027 Global Solo Challenge. The post Ronnie Simpson: Back from the Brink to Race Again appeared first on Cruising World .",other_or_offtopic,0.288939,rss_www.cruisingworld.com,other_or_offtopic,
de1f6c28-3b60-477f-9610-0c786cfa8d5d,"Upgrade Your Cabin: The Queen Berth Refit. See how the crew of Avocet transformed a cramped, awkward quarter berth into a cozy, custom-built queen guest cabin. The post Upgrade Your Cabin: The Queen Berth Refit appeared first on Cruising World .",licensing,0.244452,rss_www.cruisingworld.com,licensing,
02f2a6d2-ce91-4053-9e25-8c88ef8180b7,"The Gambiers: French Polynesia’s Best-Kept Secret. Escape the milk run and discover the Gambier Islands, where black pearl farms, wild coffee, and remote anchorages await. The post The Gambiers: French Polynesia’s Best-Kept Secret appeared first on Cruising World .",other_or_offtopic,0.287881,rss_www.cruisingworld.com,other_or_offtopic,
94a87059-9453-426d-8d90-be545054fc27,"Aquila Expands Sailing Dealer Network. Following the launch of the 50 Sail, Aquila adds specialty partners in the U.S., Europe, and Asia to meet rising demand. The post Aquila Expands Sailing Dealer Network appeared first on Cruising World .",other_or_offtopic,0.408738,rss_www.cruisingworld.com,other_or_offtopic,
27fa8bae-ac60-4c4b-aa14-edef7dd90968,"From the Editor: Team Spirit. In tomorrow’s e-newsletter, we conclude the story of my transatlantic crossing with the Women Wave Project. For part one, click here. In retrospect, the whole crossing was a wild proposition. If you recall from last month, we had charter of the 1985-1986 Whitbread Round the World race winner L’Esprit d’équipe (or Team Spirit) for the trip. …",licensing,0.310578,rss_www.sailmagazine.com,licensing,
ec166fcb-f829-48ee-b7a1-1515510de3be,"Racing Collisions Raise Questions. You’ve probably seen the clips online. During the first day of racing in SailGP’s New Zealand series, the worst crash in the league’s six seasons left two sailors hospitalized. “The New Zealand F50 lost control approaching mark one at speed before sliding sharply into the path of the French F50 catamaran,” the league said in …",other_or_offtopic,0.557775,rss_www.sailmagazine.com,other_or_offtopic,
cb18a103-8e98-4bad-b946-b8ed882e1bae,"Cruising Tips. Log the Glass These days with weather forecasts available wherever there is WiFi, it doesn’t do to forget the old ways. Last season I was on passage from North Germany to Denmark. The forecast via the excellent “Passage Weather” site was for 18 knots, maybe up to 22. The local VHF was suggesting similar but …",weather,0.696374,rss_www.sailmagazine.com,weather,
8845f012-2f7b-4237-8c5d-9bca9db44160,"The 2026 Northeast Ocean Racing Symposium. This weekend saw the fourth annual Northeast Ocean Racing Symposium (NORS), held at Bentley University in Waltham, Massachusetts. The day of technical lectures and networking has quickly become a preeminent event for serious sailors and the unofficial kick off of the spring pre-season in New England. First up was Joe Cooper, a coach and consultant …",other_or_offtopic,0.400571,rss_www.sailmagazine.com,other_or_offtopic,
edd61973-9f01-41b9-beb4-75e4e9d07f61,"The Four Seasons of Boat Maintenance. Contributing Editor Christopher Birch’s much anticipated book The Four Seasons of Boat Maintenance is out now. Billed as “the maintenance manual that should have come with your boat, but didn’t,” the book is filled with practical knowledge and all the checklists you could need for spring commissioning, summer boat care, fall decommissioning, and winter boat …",other_or_offtopic,0.312027,rss_www.sailmagazine.com,other_or_offtopic,
37134e0b-72c7-4640-a740-6d2048d92a86,"Catching up with SailGP’s Taylor Canfield. On March 1, the U.S. SailGP Team shook up the Grand Prix series and won the Sydney Sail Grand Prix, marking their first victory since October 2023. Led by team driver and co-founder Taylor Canfield, the American crew dominated the final day of racing in tricky, light-wind conditions, beating Emirates GBR and Spain in the …",other_or_offtopic,0.25961,rss_www.sailmagazine.com,other_or_offtopic,
e2248a79-ec2c-477b-bf75-2423c8b7f378,10 Things First-Time Charterers Wish They Knew. Lessons learned by others are a great guide when putting together a vacation to remember,navigation,0.384345,rss_www.sailmagazine.com,navigation,
7a2dceff-f518-4009-b72a-7e2425069457,"Tim Jackett Joins Niche Watercraft. After being the Chief Designer at Tartan Yachts for 48 years, Tim Jackett has found a new home with Niche Watercraft. The company has announced it is “relaunching two premiere North American heritage brands: Blue Jacket Yachts and Bruckmann Yachts,” and has brought Jackett on to be the Chief Designer and Director of Design and …",licensing,0.279999,rss_www.sailmagazine.com,licensing,
d7489454-bea1-4136-9763-9e2ac804333c,Balance 580: Top 10 Best Boats 2026 Winner. A trans-oceanic performance catamaran loads up on practical features and comforts of home,equipment,0.326937,rss_www.sailmagazine.com,equipment,
cbbc0d27-c8cd-44f2-acfa-ccc3fc626ad2,"Uncharted Water. A classic racing yacht, three weeks at sea, and eight crewmates you’ve never met. What could go wrong?",other_or_offtopic,0.651569,rss_www.sailmagazine.com,other_or_offtopic,
79df47aa-a86b-468c-abfe-218b2463c6cf,"Center Sound Series 2026: A Springtime Sailing Variety Pack. With due respect to the region’s Opening Day celebrations, Corinthian Yacht Club of Seattle’s Center Sound Series is Puget Sound’s […]",weather,0.241348,rss_www.48north.com,weather,
d4ea4fbf-f54d-4bd4-b24c-38a6a73b58ad,TBT: Tech Talk with SeaBits: Spring Tech Checkup. This article was originally published in the March 2022 issue of 48° North A great thing to do at least […],other_or_offtopic,0.57382,rss_www.48north.com,other_or_offtopic,
b9b00740-855c-4fa4-af23-e65b34274f74,Salish Sea Pilot Launches 830-page Digital 2026 Superguide. Our friends at Salish Sea Pilot recently announced the launch of a long-awaited milestone for their popular series of cruising […],other_or_offtopic,0.315393,rss_www.48north.com,other_or_offtopic,
1807350c-37f6-4121-a24f-7b71cc8d4109,"Video: Aboard Duracell, Boat Wiring is Beautiful. 48° North contributors Matt Steverson and Janneke Petersen have been busy with their racer-to-cruiser refit of the Open 60 Duracell, […]",equipment,0.562394,rss_www.48north.com,equipment,
2fbe8d27-e3f1-4b6c-a594-06dc60aaca86,"Go, Stop… Go!. The San Juan and Gulf islands. Alaska. Mexico. Colombia. Curaçao. The British Virgin Islands. Sint Maarten. There’s a single-line that […]",other_or_offtopic,0.494011,rss_www.48north.com,other_or_offtopic,
38cce485-2061-4da8-914a-94ff93a1f3cb,"Light Air, Long Course — Islands Race 2026. The second running of the new course for the Islands Race closed out the Southern Sound Series for 2025-2026 in […]",other_or_offtopic,0.267782,rss_www.48north.com,other_or_offtopic,
17dab659-75fb-4e21-917c-e1c1489aa1a4,Sea Safety and Survival and Fishermen First Aid Classes Open. Washington Sea Grant is holding a combined Sea Safety and Survival (Drill Instructor) and Fishermen First Aid and Safety Training […],safety,0.649686,rss_www.48north.com,safety,
3b284ca5-8287-4986-8211-c0a68e83012c,"Salish Sea vs The Mediterranean. We recently spent six months cruising from Spain to France, Italy, Greece, and Turkey, and back to Greece. On this […]",other_or_offtopic,0.406101,rss_www.48north.com,other_or_offtopic,
cc4aef01-3c61-476e-964a-7271714544eb,"Buy or Sell, the Marine Thrift Swap Meet is Coming!. The Marine Thrift Swap Meet is coming to Port Townsend on Saturday, April 4 from 8 a.m. to 2 p.m. […]",navigation,0.223497,rss_www.48north.com,navigation,
02990748-0e14-439e-8d90-0fb957d7217a,i can go from feeling so hopeless to so damned hopeful just from being around someone who cares and is awake,navigation,0.299275,huggingface_dair-ai_emotion,navigation,
b597f858-b6ba-43f5-8635-3979594141ec,i am ever feeling nostalgic about the fireplace i will know that it is still on the property,other_or_offtopic,0.330777,huggingface_dair-ai_emotion,other_or_offtopic,
d12dd03f-40e7-4ed9-993c-ddaf14d3212c,ive been feeling a little burdened lately wasnt sure why that was,other_or_offtopic,0.664279,huggingface_dair-ai_emotion,other_or_offtopic,
a44c5ac7-3419-41a2-a592-b08583ad64dc,ive been taking or milligrams or times recommended amount and ive fallen asleep a lot faster but i also feel like so funny,other_or_offtopic,0.394822,huggingface_dair-ai_emotion,other_or_offtopic,
380330e3-fec3-4adf-9853-f5e19a19e8e6,i feel as confused about life as a teenager or as jaded as a year old man,other_or_offtopic,0.640681,huggingface_dair-ai_emotion,other_or_offtopic,
3519e8f8-b113-48a3-b98e-af72d650c740,i have been with petronas for years i feel that petronas has performed well and made a huge profit,other_or_offtopic,0.348627,huggingface_dair-ai_emotion,other_or_offtopic,
0ce832e7-b669-4083-99cc-3356009c55ac,i feel like i have to make the suffering i m seeing mean something,other_or_offtopic,0.441726,huggingface_dair-ai_emotion,other_or_offtopic,
53d02f78-d518-412f-9012-2d3ed18b97d0,i do feel that running is a divine experience and that i can expect to have some type of spiritual encounter,other_or_offtopic,0.617142,huggingface_dair-ai_emotion,other_or_offtopic,
4e2ea3ce-2535-4542-af55-965cf0f7c3ec,i think it s the easiest time of year to feel dissatisfied,other_or_offtopic,0.446104,huggingface_dair-ai_emotion,other_or_offtopic,
c1b6494b-137c-454e-8a86-4720e9e17538,i have immense sympathy with the general point but as a possible proto writer trying to find time to write in the corners of life and with no sign of an agent let alone a publishing contract this feels a little precious,other_or_offtopic,0.578386,huggingface_dair-ai_emotion,other_or_offtopic,
faa4f90a-09f5-4570-a9a6-3538253456ea,i started feeling sentimental about dolls i had as a child and so began a collection of vintage barbie dolls from the sixties,other_or_offtopic,0.366944,huggingface_dair-ai_emotion,other_or_offtopic,
8674167c-643b-4006-a178-32d52e87e9f5,i now feel compromised and skeptical of the value of every unit of work i put in,other_or_offtopic,0.402865,huggingface_dair-ai_emotion,other_or_offtopic,
41fcfef8-1d44-457a-bd21-c8d6682030f9,i feel irritated and rejected without anyone doing anything or saying anything,other_or_offtopic,0.570041,huggingface_dair-ai_emotion,other_or_offtopic,
29cac854-9c72-4d81-92c6-659940405ae9,i am feeling completely overwhelmed i have two strategies that help me to feel grounded pour my heart out in my journal in the form of a letter to god and then end with a list of five things i am most grateful for,other_or_offtopic,0.323325,huggingface_dair-ai_emotion,other_or_offtopic,
6f298bd5-47bf-4444-976b-61aefe6738c7,i was able to help chai lifeline with your support and encouragement is a great feeling and i am so glad you were able to help me,safety,0.354904,huggingface_dair-ai_emotion,safety,
a71947af-eafc-4855-91e0-abe8e964d31c,i already feel like i fucked up though because i dont usually eat at all in the morning,other_or_offtopic,0.508785,huggingface_dair-ai_emotion,other_or_offtopic,
0d607a5c-9f2c-46f3-9a7c-cad2c8e6c2a3,i still love my so and wish the best for him i can no longer tolerate the effect that bm has on our lives and the fact that is has turned my so into a bitter angry person who is not always particularly kind to the people around him when he is feeling stressed,other_or_offtopic,0.425282,huggingface_dair-ai_emotion,other_or_offtopic,
d6c08d2c-ace7-43cc-b628-65608a9f0900,i feel so inhibited in someone elses kitchen like im painting on someone elses picture,other_or_offtopic,0.634542,huggingface_dair-ai_emotion,other_or_offtopic,
2213e687-06ec-4113-9397-a1d97a3a002b,i get giddy over feeling elegant in a perfectly fitted pencil skirt,other_or_offtopic,0.413245,huggingface_dair-ai_emotion,other_or_offtopic,
c9d4f8a9-c9f5-4fb2-abc3-7385e1595b3a,i remember feeling acutely distressed for a few days,other_or_offtopic,0.480929,huggingface_dair-ai_emotion,other_or_offtopic,
1e15fd93-7695-4dc4-bb5b-3b95e90d6b44,i have seen heard and read over the past couple of days i am left feeling impressed by more than a few companies,other_or_offtopic,0.355014,huggingface_dair-ai_emotion,other_or_offtopic,
5e647158-c38b-4ae6-993f-f71c1e645b84,i climbed the hill feeling frustrated that id pretty much paced entirely wrong for this course and that a factor that has never ever hampered me had made such a dent in the day,other_or_offtopic,0.534028,huggingface_dair-ai_emotion,other_or_offtopic,
95af9dcb-614a-49d0-b24c-76f6b9202c40,i can t imagine a real life scenario where i would be emotionally connected enough with someone to feel totally accepted and safe where it it morally acceptable for me to have close and prolonged physical contact and where sex won t be expected subsequently,safety,0.479023,huggingface_dair-ai_emotion,safety,
0b20c6ca-407b-4a1c-93b2-0b6f0d1544c3,i do however want you to know that if something someone is causing you to feel less then your splendid self step away from them,safety,0.343238,huggingface_dair-ai_emotion,safety,
54e01d0b-7c7f-4a01-b06c-f79de2c7038d,i plan to share my everyday life stories traveling adventures inspirations and handmade creations with you and hope you will also feel inspired,other_or_offtopic,0.374053,huggingface_dair-ai_emotion,other_or_offtopic,
a9013fc0-1078-4b7a-8db5-b4816c0a92e9,i already have my christmas trees up i got two and am feeling festive which i m sure is spurring me to get started on this book,other_or_offtopic,0.399221,huggingface_dair-ai_emotion,other_or_offtopic,
23c2db27-765a-4f56-a302-06cb5294b154,ive worn it once on its own with a little concealer and for the days im feeling brave but dont want to be pale then its perfect,safety,0.338111,huggingface_dair-ai_emotion,safety,
9c4286ad-0a47-44a0-8c4f-73d43bb210ac,i feel very strongly passionate about when some jerk off decides to poke and make fun of us,other_or_offtopic,0.547933,huggingface_dair-ai_emotion,other_or_offtopic,
e78a8d31-5f0f-4e0e-8fa5-68c61070d699,i was feeling so discouraged we are already robbing peter to pay paul to get our cow this year but we cant afford to not get the cow this way,navigation,0.238537,huggingface_dair-ai_emotion,navigation,
4cbe64b7-b78c-4792-a059-b1b110f2ced9,i was feeling listless from the need of new things something different,other_or_offtopic,0.678893,huggingface_dair-ai_emotion,other_or_offtopic,
fe304077-675d-4d37-835f-577be221e656,i lost my special mind but don t worry i m still sane i just wanted you to feel what i felt while reading this book i don t know how many times it was said that sam was special but i can guarantee you it was many more times than what i used in that paragraph did i tell you she was special,other_or_offtopic,0.690897,huggingface_dair-ai_emotion,other_or_offtopic,
cbc8d312-27a2-4e16-8c2e-95a67a2ad6ed,i can t let go of that sad feeling that i want to be accepted here in this first home of mine,navigation,0.328251,huggingface_dair-ai_emotion,navigation,
aacea225-73aa-466b-a055-b9bd9a31d88e,i need to feel the dough to make sure its just perfect,safety,0.345042,huggingface_dair-ai_emotion,safety,
bfe1286d-faa6-475f-af1d-44c6774d12db,i found myself feeling a little discouraged that morning,other_or_offtopic,0.407396,huggingface_dair-ai_emotion,other_or_offtopic,
ada44337-41cb-4a99-99f5-5eb84dd5f5d1,i bag qaf look who s cryin now jacynthe lookin good feelin gorgeous rupaul the skins scissor sisters valentine the sun fed up kayle who s your daddy gerling awake the unkind u,other_or_offtopic,0.534515,huggingface_dair-ai_emotion,other_or_offtopic,
2d03f6e1-fe18-4aac-be4d-0e2149bf28ea,i hate living under my dads roof because it gives him an excuse to be an asshole to me because hes providing for me to live here i think he feels that he needs to make me feel as unwelcome as possible so ill leave,other_or_offtopic,0.32187,huggingface_dair-ai_emotion,other_or_offtopic,
18e95d70-9013-405f-abf6-14cd4de2c24c,i keep feeling pleasantly surprised at his supportiveness and also his ease in new situations,safety,0.324024,huggingface_dair-ai_emotion,safety,
2f6c1050-15da-466b-956b-0bde1bb253ba,i have this feeling that if i have anymore vigorous sexual activity in the coming yes i misspelt that as cumming days parts of me will begin to fall off,other_or_offtopic,0.597222,huggingface_dair-ai_emotion,other_or_offtopic,
3811bdd1-93e9-41f5-88bb-cc4aeb540fa0,i feel my mom s graceful warm loving smile as i rob the time to nurture myself and heal,safety,0.349101,huggingface_dair-ai_emotion,safety,
8ea71fb4-87a8-4de2-bb76-173d061b0d54,i feel in they talk the brother in law is extremely popular the one that had no me to think is so stiff,other_or_offtopic,0.439717,huggingface_dair-ai_emotion,other_or_offtopic,
bfba274b-d823-45f2-937f-f041c55b891d,i ate i could feel a gentle tingle throughout almost as if i was feeling the healing taking place at a cellular level,safety,0.260496,huggingface_dair-ai_emotion,safety,
be8bc795-393b-42a2-981d-ae8bbd4836a7,i feel like we are pressured into being young beautiful thin and depending on the trend having the girls rejuvenated or butt implants,equipment,0.442794,huggingface_dair-ai_emotion,equipment,
37c734a8-f9c1-4b44-8f15-463b9dfbf11c,i began having them several times a week feeling tortured by the hallucinations moving people and figures sounds and vibrations,licensing,0.355614,huggingface_dair-ai_emotion,licensing,
923f9f9d-35cc-4d6c-9043-c328e03a611e,i am now nearly finished the week detox and i feel amazing,safety,0.269503,huggingface_dair-ai_emotion,safety,
579a4228-2a9a-4052-ab55-990c013a463f,i feel selfish as i read back to my former posts how i have never asked for prayers for others how i never considered that there may be others out there that deserve their prayers answered before my own,other_or_offtopic,0.624574,huggingface_dair-ai_emotion,other_or_offtopic,
dc039ace-d937-4a35-9a13-562a4a8ce1af,i know the pain parents feel when an enraged child becomes violent,other_or_offtopic,0.374397,huggingface_dair-ai_emotion,other_or_offtopic,
f00ade83-912f-4535-b56e-4341769c9ddc,i have been on a roller coaster of emotions over these supposed feelings that something unpleasant was coming,other_or_offtopic,0.49399,huggingface_dair-ai_emotion,other_or_offtopic,
e63d92c9-104c-4dd4-a48f-a529a251c763,i suppose my own truth needs to be shared i havent been feeling very faithful lately ive dwelled more in doubt and uncertainty than i have in faith,other_or_offtopic,0.331599,huggingface_dair-ai_emotion,other_or_offtopic,
afb24b52-261c-41c8-8fb4-392ec9134725,i was feeling brave when i bought it and clearly when i was doing my makeup,safety,0.438211,huggingface_dair-ai_emotion,safety,
002924ac-eb0a-4bee-a3ed-8f59389adb58,i am feeling miserable but c i am also the proudest mum on earth,other_or_offtopic,0.430841,huggingface_dair-ai_emotion,other_or_offtopic,
c0eba4d1-8c9e-4b12-9a37-59ce981bac76,i figure my family loves us no matter what but around anyone else i feel embarrassed when michelle goes ballistic,other_or_offtopic,0.471757,huggingface_dair-ai_emotion,other_or_offtopic,
becd75d2-882f-46bd-b47c-2c4dfa57a423,i don t necessarily think f bombs and sex are necessary in all stories but i feel reassured when i see them in print journals,other_or_offtopic,0.601895,huggingface_dair-ai_emotion,other_or_offtopic,
536d3c1b-27f9-482d-9273-374740e28391,i can feel my ovaries aching talking to me as i like to put it,other_or_offtopic,0.502955,huggingface_dair-ai_emotion,other_or_offtopic,
b6b1c5ae-7e2f-4e64-8dbe-d210ae821469,im tired of the book and ready to have it out of here and finding out that i was given unsuitable images and then feeling blamed for the result did not sit well,other_or_offtopic,0.63025,huggingface_dair-ai_emotion,other_or_offtopic,
a3a58c7f-d0ef-4139-979d-0b0d8e1b1594,i did successfully manage to stretch a mxm canvas i feel that this is an achievement in itself for me and was a worthwhile usage of my money and time i will use the canvas for future briefs,weather,0.215161,huggingface_dair-ai_emotion,weather,
66efd58a-802f-4fdf-b92d-e79fcb97c987,i think feelings are one of nay the most important things we have,other_or_offtopic,0.502367,huggingface_dair-ai_emotion,other_or_offtopic,
6580dfc9-9263-4b6f-928b-288c5171b19c,i feel completely honored to be an influence to this young talented fully alive beautiful girl woman,other_or_offtopic,0.321036,huggingface_dair-ai_emotion,other_or_offtopic,
10446401-018f-4b4f-83f9-4e9f58338574,i feel like i need to make a list leanne would be appalled at the thought so that i dont miss anything,other_or_offtopic,0.557062,huggingface_dair-ai_emotion,other_or_offtopic,
5d21e3b6-ba42-45d6-9100-c8e0a3578f91,i drove dannika to school i was feeling a little bit rushed and this is what greeted me as i turned the corner,other_or_offtopic,0.393822,huggingface_dair-ai_emotion,other_or_offtopic,
3165e2e7-5f39-4ce8-8af0-80ea3789af2d,i remember feeling so hellip furious with the shooter,other_or_offtopic,0.539415,huggingface_dair-ai_emotion,other_or_offtopic,
c42618c0-06e0-4ab6-9a5a-360f4712ec33,i feel very happy and excited since i learned so many things,other_or_offtopic,0.402555,huggingface_dair-ai_emotion,other_or_offtopic,
1d6ec985-39c0-4260-a447-7d14a232844a,i only have a couple of things left to make and at the start of december i am done and feeling smug,other_or_offtopic,0.363004,huggingface_dair-ai_emotion,other_or_offtopic,
6a239dbc-1ee2-4eb5-9a5d-22b0d74160ef,i think about how u could make me feel and realize that everything will be ok,safety,0.29417,huggingface_dair-ai_emotion,safety,
7338c2f8-5bfa-469d-a78e-3eb9b9945492,i feel so worthless during those times i was struggling finding work,other_or_offtopic,0.444836,huggingface_dair-ai_emotion,other_or_offtopic,
172c27e9-face-494e-96ce-b2e39018e8b3,i was ready to meet mom in the airport and feel her ever supportive arms around me,safety,0.372636,huggingface_dair-ai_emotion,safety,
eceb74fc-d7ef-4cb1-9690-9a36493d7d1c,im feeling bitter today my mood has been strange the entire day so i guess its that,other_or_offtopic,0.467757,huggingface_dair-ai_emotion,other_or_offtopic,
8721bc54-943a-47f4-b6f5-a1843e3173cd,when my mums brother passed away after having been involved in a car accident he was bringing me a present as i had passed my form five exams with flying colours,safety,0.412223,huggingface_dair-ai_emotion,safety,
7b20da23-f2e0-4bca-af58-10701fe07449,i am letting go of the animosity that is towards anyone that i feel has wronged me,other_or_offtopic,0.377809,huggingface_dair-ai_emotion,other_or_offtopic,
1b1a2daa-73ed-4591-8aa6-3d6bee0bae8e,i talk to dogs as i feel they cannot understand words but they can read emotions and know how to be supportive i decided i should go home,safety,0.344458,huggingface_dair-ai_emotion,safety,
b5aeefb6-6488-4f3e-84d5-f63e75869994,i feel like throwing away the shitty piece of shit paper,other_or_offtopic,0.586067,huggingface_dair-ai_emotion,other_or_offtopic,
c11b49e1-f113-4134-94cb-9d951b512d45,im starting to feel wryly amused at the banal comedy of errors my life is turning into,other_or_offtopic,0.627078,huggingface_dair-ai_emotion,other_or_offtopic,
163883ec-2f8d-49c2-ace9-362fe9b7f405,i find every body beautiful and only want people to feel vital in their bodies,other_or_offtopic,0.375496,huggingface_dair-ai_emotion,other_or_offtopic,
6ab644dc-2080-4089-b3e4-7a25ddc3801a,i hear are owners who feel victimized by their associations the associations attorneys or the property manager,navigation,0.338734,huggingface_dair-ai_emotion,navigation,
356bf49b-3719-45bc-a4ef-9c4bfb0e27c7,i say goodbye to the fam theyre all sad a crying and i feel like a heartless bitch because hey im pretty excited to be flying for the first time and you know also to spend a year in another country,other_or_offtopic,0.582212,huggingface_dair-ai_emotion,other_or_offtopic,
985621da-38ff-4c42-9901-3981d906d9c1,i wont let me child cry it out because i feel that loving her and lily when she was little was going to be opportunities that only lasted for those short few months,safety,0.52602,huggingface_dair-ai_emotion,safety,
c08a3c93-ea5d-4bb9-b349-de43b405775c,i feel excited about what im doing again i feel like i have a ton of catching up to do,other_or_offtopic,0.494981,huggingface_dair-ai_emotion,other_or_offtopic,
2f64c614-1d16-4f6c-b6a0-dd7c2b9e95a8,i also know how good it feels to look back and see that i honored my word and that helps from the start,safety,0.32489,huggingface_dair-ai_emotion,safety,
7d272a46-8780-4d38-862c-a1de2b7bde03,i mean really really hard works to obtain such a high technical skill in wushu feel kinda ashamed but somehow motivated when i saw kids doing wushu performances whole heartedly despite their tiredness,other_or_offtopic,0.581521,huggingface_dair-ai_emotion,other_or_offtopic,
575d9c86-d547-40eb-a0f9-0839bdfaced0,i feel like things are getting a little overwhelming a few spritz of this toner really helps calm and soothe me,safety,0.372489,huggingface_dair-ai_emotion,safety,
29b8d380-ff37-4101-9daa-bc3a33fdea47,i hope that you realize how such little effort is required to make a person feel better about themselves or their situation whether its me a family member a college or high school friend a neighbor down the street or even a complete stranger,other_or_offtopic,0.267831,huggingface_dair-ai_emotion,other_or_offtopic,
9a632d4e-b223-4dc7-8fa6-8338084030bc,i am feeling so festive today that i m even going to put the tree up as soon as i ve finished doing this and catching up with the week s goings ons on coronation street,other_or_offtopic,0.48428,huggingface_dair-ai_emotion,other_or_offtopic,
44d5fa9f-516c-4809-8c8f-514e62edb2b1,i did alright in class but a combination of feeling unsuccessful being man handled the stress of late and my horrible week resulted in my almost crying after i finished grappling,other_or_offtopic,0.412536,huggingface_dair-ai_emotion,other_or_offtopic,
3e180e02-e057-4ef4-b458-c20322754909,i feel like some of you have pains and you cannot imagine becoming passionate about the group or the idea that is causing pain,other_or_offtopic,0.562403,huggingface_dair-ai_emotion,other_or_offtopic,
f7663ddf-895c-4ea1-b487-cce1eda51db1,i feel ugly i m more inclined to wear ratty jeans and a sweatshirt than a beautiful dress though i might still wear a pair of heels around my house to boost my self esteem ever so slightly but i definitely won t bother to buy a new pair,other_or_offtopic,0.298404,huggingface_dair-ai_emotion,other_or_offtopic,
96bcbc02-3cfb-438a-881a-19fb2c69e46e,im not feeling homesick yet so im feeling alright about this,other_or_offtopic,0.494992,huggingface_dair-ai_emotion,other_or_offtopic,
4dfc44bb-e55b-42aa-9904-4cafec0882ff,i workout every morning before and feel fabulous for it,equipment,0.274611,huggingface_dair-ai_emotion,equipment,
b9cb263a-6df0-4e63-a376-e5cbe2d8fce6,i feel all of this just from her eyes not from her touch or from her words but from her eyes i know that i can assuredly return this love and know that it shall not be in vain,safety,0.379566,huggingface_dair-ai_emotion,safety,
2b7d4826-b20b-4f92-a633-4d8b2dc6c652,i was feeling fabulous until friday morning when i started to get these awful cramps at work,other_or_offtopic,0.334328,huggingface_dair-ai_emotion,other_or_offtopic,
667284d6-b8ca-4404-a435-03b8551bb43a,i feel honoured to have been able to call them friends to share their brotherhood,safety,0.27729,huggingface_dair-ai_emotion,safety,
3638740d-1a7e-402c-90e9-7ab42245273c,i had begun to feel apprehensive when thick black rain clouds stormed into the sky above town,weather,0.565008,huggingface_dair-ai_emotion,weather,
7aaae387-fe45-43f9-aa38-968823bb35d6,i had stated to her the reason i feel so fearful is because i feel unsafe,safety,0.455507,huggingface_dair-ai_emotion,safety,
2f2f2315-1f7d-491b-b9ee-691804ecf7bd,i didn t feel like getting shaken down by the tsa quite yet so i pulled off to the side at creative croissants for a lunch,safety,0.507042,huggingface_dair-ai_emotion,safety,
78b7ed81-74c3-4076-9187-88d33235f148,i get into groups i feel really awkward and overcompensate by being too talkative or by getting really quiet,other_or_offtopic,0.318744,huggingface_dair-ai_emotion,other_or_offtopic,
5824c1df-6367-42dc-bd95-bb1cc74cc995,i am very excited to finally meet that companion that companion who will be with me at all times especially when i am lonely very lonely that companion who will never disappoint me that companion who will put his arms around me and make me feel loved,safety,0.320911,huggingface_dair-ai_emotion,safety,
f10d1636-fd64-4164-a4d2-53d00d6fc576,i feel pretty eager to get it done as i have a fun plan for quilting it,other_or_offtopic,0.449754,huggingface_dair-ai_emotion,other_or_offtopic,
93b3ddaf-da91-4cec-876a-cc25377d6ff3,i think if a poem doesn t put pressure on me i don t feel uncomfortable in the sense of feeling more than i can feel understanding more than i can understand loving more than i am able to be in love,other_or_offtopic,0.415589,huggingface_dair-ai_emotion,other_or_offtopic,
ba69ea92-3ba3-4b5f-b356-ac4fff3b082a,i too feel as if i am a stranger in a strange land and i am raising my son in a place that is not his father s ancestral home,other_or_offtopic,0.485947,huggingface_dair-ai_emotion,other_or_offtopic,
f8e78c14-5061-4ff9-9828-e8a1e2609f7c,i left to the shower questioning what i feel she was gorgeous such a fantastic body so confident in her movement effortlessly graceful,other_or_offtopic,0.415531,huggingface_dair-ai_emotion,other_or_offtopic,
1b17f339-d72f-4e50-a309-0c0d8f97e8de,i feel energetic and bouncy i m more than happy to go to the gym run around outside with my kids or take the pram for a long walk often i do all three in one day,equipment,0.266713,huggingface_dair-ai_emotion,equipment,
f6cd273d-337c-454d-922d-5ff396d4bb46,i didn t burst into tears or some other devastating release of feelings or thoughts because i seemed to know that rich also had to go through his own space without me just dumping on him,safety,0.658739,huggingface_dair-ai_emotion,safety,
3ef9cf71-9174-4359-9a18-dda6acc35cda,i wanted to get a pumpkin spice latte this morning but it was hot and the last thing i wanted was a hot coffee maybe i am feeling a little bitter,other_or_offtopic,0.486517,huggingface_dair-ai_emotion,other_or_offtopic,
4a9a5238-17c4-4598-8273-9c6230d5a69b,i suppose he feels badly because he was a bit skeptical of her pain over the last few months shes had a hyperchondria and exaggeration habit in the past though he never openly questioned her about it,other_or_offtopic,0.353642,huggingface_dair-ai_emotion,other_or_offtopic,
155da8c8-3471-4d3a-9a13-91226d81174c,i also feel like i am being selfish in not being grateful for the life i do have and the amazing things in it,other_or_offtopic,0.50144,huggingface_dair-ai_emotion,other_or_offtopic,
241c7904-168a-480a-bc93-2b03fd233a53,i called it god because i d seen god in a book and figured god was the right name for feeling so utterly affirmed and accepted without question,other_or_offtopic,0.381492,huggingface_dair-ai_emotion,other_or_offtopic,
f039837c-fc62-4e41-9091-98583115dd9d,i do not feel miserable at all because my family is not the type that celebrates eid,other_or_offtopic,0.442201,huggingface_dair-ai_emotion,other_or_offtopic,
09ef4caf-1756-4d1f-a2f7-08785f95feda,i might go get a car wash if i am feeling really generous my car needs it,equipment,0.607999,huggingface_dair-ai_emotion,equipment,
bdb36d55-3566-4efd-bbc4-3d98a800844b,i still feel sleep deprived she is almost sleeping through the night giving us,other_or_offtopic,0.283762,huggingface_dair-ai_emotion,other_or_offtopic,
7059bb25-c964-4d94-9235-79caa3b4566d,i am bloging again i am sitting here feeling content with my dogs amp cat etc and i know that how lucky we are the truth is we,other_or_offtopic,0.447915,huggingface_dair-ai_emotion,other_or_offtopic,
ac260f04-5814-455f-9145-c8deaecba17a,i started feeling funny and then friday i woke up sick as a dog,other_or_offtopic,0.317208,huggingface_dair-ai_emotion,other_or_offtopic,
c934d393-a343-4b5f-9c66-d8f1ae8fbf3d,i feel a need to protect my parents against the witch hunt that repressed memory therapy can be,safety,0.657802,huggingface_dair-ai_emotion,safety,
1c3882ad-a376-4501-b3a7-a7fb6969be24,i feel disgusted to even be associated with this woman by my race and nationality,other_or_offtopic,0.58421,huggingface_dair-ai_emotion,other_or_offtopic,
11855dd5-15ea-4ff8-b3f1-83ecf178a6dc,i laughed then bitterly again but i wasnt feeling bitter,other_or_offtopic,0.490839,huggingface_dair-ai_emotion,other_or_offtopic,
ecea202e-f9a2-437b-96b5-96591706bde4,i couldn t know what he was feeling then i thought that he wished he could have been there with us too for each of us knew that however much we hated it at first it was an experience we would remember forever,other_or_offtopic,0.318269,huggingface_dair-ai_emotion,other_or_offtopic,
ecaaa429-636d-4341-85c9-c37b909f6c86,i was feeling quite mellow and i wanted a soft easy look to wear with my beginning of a cold,weather,0.524401,huggingface_dair-ai_emotion,weather,
f91cabfb-c511-4be3-a722-ff4786a77923,i told him that maybe i just need time to think how ive been feeling indecisive about things lately,other_or_offtopic,0.506722,huggingface_dair-ai_emotion,other_or_offtopic,
1d2ca89c-8da9-4b77-8762-81779a31effa,i still feel it does the genre a disservice when stories are resolved artifically,other_or_offtopic,0.650876,huggingface_dair-ai_emotion,other_or_offtopic,
3d25d63a-d867-406b-8721-f716c7c9509a,i always know when i am feeling artistic when i write my name while i am in an artistic mood the i in manitz i draw a circle not a dot the bigger the dot the more artistic i am feeling and if it is just a line like an accent mark in spanish im pissed,other_or_offtopic,0.231405,huggingface_dair-ai_emotion,other_or_offtopic,
1f78a70c-c85d-4c13-8bea-26af21704018,i remember feeling really terrified when i was in brazil on a bus that was going up steep mountain hills on the side of the mountain in the middle of a big storm wondering if we were going to fall off,weather,0.3282,huggingface_dair-ai_emotion,weather,
b91fd2d8-415d-4513-a4cb-c428eca0dd1f,i could feel her whimper to the thought of being unloved and uncared for,other_or_offtopic,0.33214,huggingface_dair-ai_emotion,other_or_offtopic,
9414e9ad-8f6b-4f51-9cea-e90ff16752bb,i feel ive got my foot in the door of the fantastic world of walking and running the trails fells and mountains,other_or_offtopic,0.421864,huggingface_dair-ai_emotion,other_or_offtopic,
55bb9f2f-cf2c-455a-9cf4-43fd43d55e77,i say whatever comes in my mind tell you directly what i feel a jealous girl not because i m insecure but because i just love that person a trust worthy friend sweet to the one i love,other_or_offtopic,0.327876,huggingface_dair-ai_emotion,other_or_offtopic,
03077403-c3be-4d40-a9c8-c14d93a8bcfa,i feel strange coming back to work after my one day holiday,other_or_offtopic,0.610865,huggingface_dair-ai_emotion,other_or_offtopic,
cf56584c-726d-4bc7-b0eb-a05639651c45,im clearly influenced by the dash happiness of emily dickinson for example and i use dashes instead of colons or semi colons to enhance the feelings of rushed enjambment in the sonnet,navigation,0.491425,huggingface_dair-ai_emotion,navigation,
55e756f6-e576-4e5d-a0b3-b411ea500ba3,i am fatter because the only thing in my life that can remain under my control is whether or not i get to eat peanut butter on bread when i get home from an impossible day of to first world looking yet third world feeling hell of needy and neglected little girls,safety,0.449213,huggingface_dair-ai_emotion,safety,
d5ba925c-1672-4943-8b93-0253270f51c5,i could claim to redeem the genre but it didn t leave me feeling as entirely frustrated to the point of beating my head against a wall either,other_or_offtopic,0.637987,huggingface_dair-ai_emotion,other_or_offtopic,
d6621cf5-fb4c-48af-926a-aeaca7c983c2,im getting the feeling that my classes are a little intimidated by the concept of a lit,other_or_offtopic,0.428059,huggingface_dair-ai_emotion,other_or_offtopic,
1a94daeb-e124-4324-83cc-c1dab9df7a3f,i still feel groggy but i have to get up to do the routine for my son,other_or_offtopic,0.441043,huggingface_dair-ai_emotion,other_or_offtopic,
7e411ba3-95c4-4da1-9216-0c0fe68364f7,i want to hold this feeling of shocked awe and wonder forever,other_or_offtopic,0.414762,huggingface_dair-ai_emotion,other_or_offtopic,
26af56c2-c43f-46a6-8f2a-83bd58c6b05a,when i heard a rumour that the st year exam results were out i had fear that i might be one of the failures,other_or_offtopic,0.462897,huggingface_dair-ai_emotion,other_or_offtopic,
4d423867-427b-43d1-908e-0a5ecda8bbb7,i want to feel valued i do and appreciated i do and know the people who love me arent going anywhere even if the nature of the relationship changes,safety,0.479904,huggingface_dair-ai_emotion,safety,
1c25f24e-70dc-4a02-898b-a74230baa37f,i use it regularly with relaxing music and always feel invigorated afterward,equipment,0.49292,huggingface_dair-ai_emotion,equipment,
7e078265-8856-4ba8-8a6e-94fefc04292f,i feel like its perfect a w see youtube has its influences i even know trends,navigation,0.289893,huggingface_dair-ai_emotion,navigation,
ac332b73-15d5-4f5b-ae57-4441baa148c0,i specifically wanted tango was feeling shy and maks quite the opposite hard to get far enough away from him to get good pics lol,other_or_offtopic,0.615287,huggingface_dair-ai_emotion,other_or_offtopic,
61502e77-799d-4847-ba74-ba7e970272f5,i also didn t feel very weird sleeping in my bed while the two of them slept in hers,other_or_offtopic,0.352361,huggingface_dair-ai_emotion,other_or_offtopic,
5b015c1c-db98-440d-8d55-5482db9a3557,i just wish okay so i was thinking about it earlier today and heres the thing being all cooped up amp restless has made me feel so needy,other_or_offtopic,0.573349,huggingface_dair-ai_emotion,other_or_offtopic,
7684d0a7-6074-41f1-a038-2e6642d568c1,ive lost some weight such that i could fit into a tiny skirt that ive been unable to wear because i didnt feel confident in it until now,navigation,0.242426,huggingface_dair-ai_emotion,navigation,
37f599ce-3779-4535-a1ad-de0a40985242,i am no fan of the current president i am a conservative and it made me feel unwelcome,other_or_offtopic,0.575244,huggingface_dair-ai_emotion,other_or_offtopic,
615531e5-7e19-400e-8267-51f6f35c7c56,i will enclose her verses on her could not weigh much more thinking and feeling curious to hear the odd couple,other_or_offtopic,0.532113,huggingface_dair-ai_emotion,other_or_offtopic,
9a92e862-ee96-4798-8847-97f0b12b2794,i remember feeling inspired and thinking that it was a fine example of parenting,other_or_offtopic,0.342456,huggingface_dair-ai_emotion,other_or_offtopic,
02638ee0-34a0-45fb-bd31-1e12633bed5e,i feel like i m always the one getting punished for stupid things and i feel like i m being chastised for behaving,other_or_offtopic,0.499923,huggingface_dair-ai_emotion,other_or_offtopic,
b6c861c4-b080-4bda-96e7-b7c01088cc2e,i really feel that my life is perfect right now and if it isnt too much to ask for i just hope that everything would stay the same,other_or_offtopic,0.390396,huggingface_dair-ai_emotion,other_or_offtopic,
52e3cc09-1881-4a03-a211-287d2361467b,im not saying cut everyone out of your life but i feel its important to find comfort in solitude meditation or working on projects alone,safety,0.405808,huggingface_dair-ai_emotion,safety,
e10998e8-60e0-4e5c-9493-45bd370506df,i was feeling an act of god at work in my life and it was an amazing feeling,other_or_offtopic,0.433095,huggingface_dair-ai_emotion,other_or_offtopic,
ddd5c48d-4736-402a-aa5f-9e294b8d6af4,i feel im like a bird flying in the air in a very carefree manner,other_or_offtopic,0.543342,huggingface_dair-ai_emotion,other_or_offtopic,
a10c563c-da42-44b3-95ea-3a1619fc53de,i have to revise my replies over and over again in my mind just to make sure that the reply sounds appropriate enough and that the person who receive the reply will not feel offended,safety,0.565653,huggingface_dair-ai_emotion,safety,
57026d74-118a-4259-aff3-c1844240db24,i felt sad when a friend of mine died and i felt that something had irrevocably gone away from me,other_or_offtopic,0.46436,huggingface_dair-ai_emotion,other_or_offtopic,
463d2373-8b97-46bf-90cc-c8a8f3d26f15,i died would alex and matt feel regretful for not coming to visit,other_or_offtopic,0.396765,huggingface_dair-ai_emotion,other_or_offtopic,
2c5e61b5-1aa7-469f-8e44-3b7d89ccde57,i feel that educating families and supporting and educationg mamas and papas is key,safety,0.289619,huggingface_dair-ai_emotion,safety,
bcf943bd-5714-4084-82a3-343785ad54ba,im sure its because when i am lost i feel like everyone is being hostile toward me and i hate that feeling,other_or_offtopic,0.404337,huggingface_dair-ai_emotion,other_or_offtopic,
a6457e31-2e48-472d-a31e-ce06e0cfd12c,i have always liked to use the original fragrance to freshen up and lightly scent my underwear drawer to feel gorgeously glamorous and girly,other_or_offtopic,0.342219,huggingface_dair-ai_emotion,other_or_offtopic,
6a90dc9d-60e3-4912-b564-69cf9e2a7e25,i feel like i talented young man i don t feel talented then i don t to work with,other_or_offtopic,0.556554,huggingface_dair-ai_emotion,other_or_offtopic,
e640512d-4de7-4128-8d4a-0ad9d4b7877d,i feel the reason were apart of each others lives is because im in his to help him become something to push him to succeed and be successful and happy,other_or_offtopic,0.343392,huggingface_dair-ai_emotion,other_or_offtopic,
29f351ae-7383-4a36-b9bd-8e7d338d7019,i feel now so uncomfortable with all of them i guess is me,other_or_offtopic,0.466098,huggingface_dair-ai_emotion,other_or_offtopic,
34852e8e-5ea6-48f8-a274-95031d7d1989,i feel pretty mellow so far about whatever healing wounding process may be getting underway,other_or_offtopic,0.460483,huggingface_dair-ai_emotion,other_or_offtopic,
229b9ca4-fc5e-450c-a4c9-0008c1d07d1b,i wonder sometimes whether i have just added to the antagonism and misunderstanding that many people have towards those of us who feel reluctant to wholeheartedly support the traditional armistice day remembrances,other_or_offtopic,0.504557,huggingface_dair-ai_emotion,other_or_offtopic,
f5ea0d83-77f5-480a-8991-c1ee9a244a3e,i legs would feel shitty for a few miles but would come around like they always do,other_or_offtopic,0.298967,huggingface_dair-ai_emotion,other_or_offtopic,
d3499437-4336-4d4a-bb9d-ae1024cc0765,i seriously feel so blessed for the support that i have at home it s amazing,other_or_offtopic,0.308,huggingface_dair-ai_emotion,other_or_offtopic,
3efb0a31-1bf0-45e5-b5c8-1df0e8366f9c,i feel abused and maligned but mostly tired of the nervous feeling anticipating danger,other_or_offtopic,0.476139,huggingface_dair-ai_emotion,other_or_offtopic,
1487baf7-71cb-40a9-a060-12264a425e01,i know gosman s is a touristy place to go if you are in the montauk area but infrequent visitors to this area want to head there for the harbor feel the gentle cawing of the seagulls lapping water against the wood pilings and relaxing breeze coming in off the water,other_or_offtopic,0.271164,huggingface_dair-ai_emotion,other_or_offtopic,
03974bbf-83f9-46de-bcc9-bf75d304b941,i have to admit these hilarious e cards are seriously exactly how i feel i am so stressed out i feel at any moment i could start hy,safety,0.269952,huggingface_dair-ai_emotion,safety,
9607f963-0b99-4fb9-baa8-8955cb5a3107,id kick myself into gear but i just feel irritable with no motivation what so ever,other_or_offtopic,0.330424,huggingface_dair-ai_emotion,other_or_offtopic,
9230152d-d0a1-4b83-8043-097ad8660f94,i feel as a child innocent feelings illustrating a,other_or_offtopic,0.402848,huggingface_dair-ai_emotion,other_or_offtopic,
75ca0c13-db90-46ce-a769-794e97aafc88,i have the satisfaction of feeling that i m no longer supporting or contributing to the looter driven consumerism that has made a walking corpse out of the america i so revered when i was younger,other_or_offtopic,0.46863,huggingface_dair-ai_emotion,other_or_offtopic,
f1fca431-2369-4368-a337-c19e7b6c7911,i will spend my vacation on me no obligations no headaches no feeling like i am being emotional blackmailed into being three places at once,safety,0.664554,huggingface_dair-ai_emotion,safety,
8ede20dd-3ff1-413a-b6ec-9f40ad66178c,i feel herpes coming i would be very surprised at this point if i make it out again after my checkup at the clinic on wednesday,other_or_offtopic,0.422929,huggingface_dair-ai_emotion,other_or_offtopic,
f8b560ed-95a8-4c1f-868c-be30fba44cef,ive worked really hard all year to try to make each child in the class feel like they are valued,other_or_offtopic,0.29252,huggingface_dair-ai_emotion,other_or_offtopic,
ef9d45bd-5700-4db7-9073-237d2d3af1d8,i didn t feel like i was being bitchy at the time but upon retrospect why wouldn t he think that i was trying to shake him off,other_or_offtopic,0.521002,huggingface_dair-ai_emotion,other_or_offtopic,
06dcd480-bccc-456a-ac4f-c27fd6d9cb7c,i still second guess myself and still have a terrible time making definitive decisions but there are certain truths that i do know about myself and i feel assured by those truths,other_or_offtopic,0.361861,huggingface_dair-ai_emotion,other_or_offtopic,
7d32d0e7-28a3-4fa6-bb31-36e8a9ee84bb,im feeling inspired by all the summery elements of my favorite past time beach bummin,weather,0.415717,huggingface_dair-ai_emotion,weather,
7cf35b89-50b7-49ef-b8b4-51745ef1427e,i can feel that she smiled i love you even more gorgeous,navigation,0.31095,huggingface_dair-ai_emotion,navigation,
84e7cd2b-a26a-41f7-93be-e7fd99e93418,i continue to define and discover what home can mean here in amsterdam whenever i feel a pang of blank sickness it is more in line with missing the cultural mindset of american city life which is much different from the cultural mindset of amsterdam,other_or_offtopic,0.599522,huggingface_dair-ai_emotion,other_or_offtopic,
bf96f267-e098-4d42-a7c6-ad57cf87a988,i make an arcade i have a very simple purpose and that is to try to make it feel absolutely comfortable physically emotionally practically and absolutely,safety,0.47519,huggingface_dair-ai_emotion,safety,
72708496-abd9-4382-a92f-a7a420558773,i was feeling over eager and hopped on to the tube to ride the eye of london,other_or_offtopic,0.382663,huggingface_dair-ai_emotion,other_or_offtopic,
28ec9150-07ba-489d-b2a6-9c9d1799008e,i go online and i see a friend talking to another one and is not talking to me i feel ignored i feel unloved,other_or_offtopic,0.469021,huggingface_dair-ai_emotion,other_or_offtopic,
6333174d-b978-4c86-a15d-81b674ad600a,i also think it is puzzling that after this particular administrator has singled me out for praise on my ability to get my students to read that he feels that ssr time is not a productive use of class time,other_or_offtopic,0.659778,huggingface_dair-ai_emotion,other_or_offtopic,
f248aada-8e95-47b5-a6da-bc32a04d8cac,i tried to fill it by befriending people that i knew were only using me but i didnt care because i needed to feel accepted even if it was by some complete loser,safety,0.326439,huggingface_dair-ai_emotion,safety,
2acc32e3-a162-49c3-825a-8cb04eb8f29e,i remember feeling another cramp but i also ignored it,other_or_offtopic,0.497296,huggingface_dair-ai_emotion,other_or_offtopic,
4105c338-a740-498b-bfe2-0e6583ad2938,i hope i feel mellow well fed well slept at peace with myself within this external world,safety,0.476088,huggingface_dair-ai_emotion,safety,
26fce6d0-f078-4bf1-8bd3-7c6370dd0aaf,i have also learned it takes a lot of effort and positive thinking for me not to break down in tears over feeling exhausted and guilty for not being a better mom,navigation,0.40345,huggingface_dair-ai_emotion,navigation,
5512e2f1-9dc0-4c0b-bc88-8faaae6705d3,im feeling awful because we hung out with my friend and her new baby the day before,other_or_offtopic,0.51543,huggingface_dair-ai_emotion,other_or_offtopic,
6c6304be-5b81-4a25-8981-5a66e61a2210,i go to sleep i feel as if i m giving up precious time to do something else with my life,other_or_offtopic,0.538537,huggingface_dair-ai_emotion,other_or_offtopic,
c6f86dea-7e11-4a4e-a01a-1fd0c26570f9,i shalt say we did cos i din feel a thing when he wrote hw he is keen on xxx,other_or_offtopic,0.593792,huggingface_dair-ai_emotion,other_or_offtopic,
9d95df1a-a297-41d7-95f3-f9b88f6f920a,i just feel terrified like im on the edge of a precipice staring ahead,other_or_offtopic,0.409495,huggingface_dair-ai_emotion,other_or_offtopic,
d1e38829-bac1-4e0e-a585-9e8d0758c8fd,i feel totally listless exams have come and gone and now i have a whole five or so months in front of me with no uni and free time,other_or_offtopic,0.569039,huggingface_dair-ai_emotion,other_or_offtopic,
ff93ffe3-09eb-4155-bd6d-7515ad24d450,i feel furious that right to life advocates can and do tell me how to live and die through lobbying and supporting those politicians sympathic to their views,other_or_offtopic,0.41763,huggingface_dair-ai_emotion,other_or_offtopic,
fcd77a4b-191d-400f-ae52-41059d4925f6,i started the third block feeling hot and cold and tingly all at the same time knowing that i still had five hours of examination ahead of me having no idea if any of it would do any good,weather,0.40528,huggingface_dair-ai_emotion,weather,
87c096dc-55e7-4e7c-ac4d-232bf97c4270,im hesitant to make suggestions because i feel as if the outcome would not be sincere,other_or_offtopic,0.595173,huggingface_dair-ai_emotion,other_or_offtopic,
b8778a27-e1e5-4451-a81a-c87ece9a6f30,i feel not too terribly fond of the majority at this precise time,other_or_offtopic,0.463204,huggingface_dair-ai_emotion,other_or_offtopic,
a15f9a34-cb38-4112-b1cc-a42612e45768,i can feel myself gaining control over the damaged goods aspects of my personal security,safety,0.62367,huggingface_dair-ai_emotion,safety,
e8482247-4d34-408e-b2cd-074e4dc0199d,i was that i bombed that first interview i left the second interview feeling pretty fan freaking tastic,other_or_offtopic,0.370809,huggingface_dair-ai_emotion,other_or_offtopic,
ef6ef793-059a-4453-b3f2-9a13a14bdfd0,i think its kind of taken us this long to build up a good inventory of sauces oils spices and other non perishables to feel like we have a chance at making something delicious without having to specifically go out and buy every single item in a recipe,navigation,0.284999,huggingface_dair-ai_emotion,navigation,
eb67efd9-5ace-4742-929e-4b0df093a2ed,i now feel i can advise other dads whose children will soon become teenagers it s not cool to pull up to your kid s high school to pick them up in a smelly jalopy with plants coming out the windows,safety,0.401844,huggingface_dair-ai_emotion,safety,
a8b21dd3-6712-44e5-aec0-80889b17b114,i feel victimized by the drag on our country with heads in the sand traditionalists i hesitate to call them conservatives for fear of offending real honest to god conservatives who still think the world was created years ago and that stuff like skeletal remains are some kind of hoax,other_or_offtopic,0.55028,huggingface_dair-ai_emotion,other_or_offtopic,
4cac157d-d009-4bde-8d61-c87e677b1bc8,i would feel lucky to call any of the materials and kits on your site mine they are just beautifully curated,equipment,0.267583,huggingface_dair-ai_emotion,equipment,
327499db-ef69-452b-b08a-880e050824e3,i have been for my bloods which proved the reason i was feeling so lethargic and rubbish was that i am low on iron so i have now been prescribed iron tablets,navigation,0.341826,huggingface_dair-ai_emotion,navigation,
9876c29b-46c2-4fc1-9e67-157c880f90c1,i have my own mind and i feel like my mind is dangerous to my life,safety,0.419958,huggingface_dair-ai_emotion,safety,
4c76c967-b3a1-4298-867c-991e70ded94e,i feel like i love everyone or at least i am compassionate toward others,navigation,0.264181,huggingface_dair-ai_emotion,navigation,
ee6a5a13-4d0b-4bd1-882f-5c8fcf053d92,i feel as if i should be punished for neglecting you,other_or_offtopic,0.450446,huggingface_dair-ai_emotion,other_or_offtopic,
87cb6418-9177-471c-840d-052a639bbbb2,i feel like it just doesnt capture the beauty of this lovely polish,other_or_offtopic,0.570186,huggingface_dair-ai_emotion,other_or_offtopic,
779d2b6c-b920-488d-83a9-99e9a57fd22f,i feel like i ve lost some of my main roots i feel less secure emotionally financially and socially,safety,0.590104,huggingface_dair-ai_emotion,safety,
ee7b4ca3-09bd-4d94-a928-38891b3aab2e,i feel like i should just bite the bullet and do it but every time i think about it i feel stressed because im not fully supported on my decisions,other_or_offtopic,0.513042,huggingface_dair-ai_emotion,other_or_offtopic,
74a56280-0212-4030-9588-486946d219a8,i know i have some obnoxiously immature sounding verbal tics and my voice is kind of nasal and i don t always come across like the sharpest tool in the shed especially when i m feeling awkward but there s knowing and there s knowing you know,safety,0.290087,huggingface_dair-ai_emotion,safety,
3eaa19fb-6e3e-49ea-916e-f24a3863d723,id just had a terrible nightmare and was feeling a little disturbed,other_or_offtopic,0.608043,huggingface_dair-ai_emotion,other_or_offtopic,
600b1989-b864-43a9-b2b3-97ca6895a9ee,i didnt want to walk passed there just in case the customers feel disturbed,safety,0.553708,huggingface_dair-ai_emotion,safety,
f0f90544-6f2d-4fb7-9a00-ae4d92f8e665,i want other sufferers to be able to find me in the hope that my battle can help them to feel that they are not alone,safety,0.330627,huggingface_dair-ai_emotion,safety,
fe1e557d-a6d9-4efc-b3ea-2e442f36e83d,i am feeling exceptionally reluctant to go to school tomorrow even though its monday and the timetable is pretty good,other_or_offtopic,0.524056,huggingface_dair-ai_emotion,other_or_offtopic,
56549d48-d825-4293-af7b-d89fdc1b98b2,i am so festive this feels so delicious wheeeeee what a great night,navigation,0.300195,huggingface_dair-ai_emotion,navigation,
eb04f0f3-fdc5-443e-980e-2b81176b8784,i am not looking forward to being beaten down to feeling like a disappointment to my husband or to the emotional pain,other_or_offtopic,0.460546,huggingface_dair-ai_emotion,other_or_offtopic,
075e8296-f1f2-4167-8040-a36dc6f24c0d,i feel like i almost convinced myself this is going to be the pattern,navigation,0.286058,huggingface_dair-ai_emotion,navigation,
ba3d0899-d25f-47e9-b9c8-046e68b3a8bc,i also wear them when im wearing a dress that makes me feel slutty feels like those antique underwears but obviously a little bit more edgy or maybe a little bit more than a little bit,other_or_offtopic,0.344091,huggingface_dair-ai_emotion,other_or_offtopic,
3cf7badd-df2b-4c00-9fb5-8a7ab4b7944b,i feel a perverse pride in my self control that i managed to stay where i was ordered and not reach for the tempting human flesh so close before us,safety,0.466035,huggingface_dair-ai_emotion,safety,
44162172-a149-49c0-af30-449200eb4e01,i feel so impatient so easily annoyed so outraged by the blatant defiance that seems to be olivias most prominent characteristic these days,other_or_offtopic,0.605487,huggingface_dair-ai_emotion,other_or_offtopic,
769b4061-2f1c-433f-a1f6-924d0105ad23,i was positively giddy when the kids left this morning after our very last official class of the year but now im feeling a little sad,other_or_offtopic,0.394049,huggingface_dair-ai_emotion,other_or_offtopic,
aac260a2-be69-4c57-85e3-2a1834db13e3,i feel supportive of him i also cant help but feel jealous,other_or_offtopic,0.558592,huggingface_dair-ai_emotion,other_or_offtopic,
49c3123f-8ccb-447d-965b-1f66f9bfb7c1,i mainly like to text because i feel like i am so much more clever with the written word rather than the spoken,other_or_offtopic,0.310778,huggingface_dair-ai_emotion,other_or_offtopic,
a4b5f479-e6a8-4584-9915-4fb9e2359e0e,i seriouly feel i am not being respected i dont have my privacy i am being ordered around,other_or_offtopic,0.524997,huggingface_dair-ai_emotion,other_or_offtopic,
84d2a432-7f64-401e-991f-33b66f5d375b,i said in the words of a devotee that i feel relieved when i hear the your title as deen bandhu as i am the most fallen person but i become afraid at your title of uplifter of devotees as i don t consider myself to be a true devotee and hence unworthy to benefit from the aspect of your personality,other_or_offtopic,0.405773,huggingface_dair-ai_emotion,other_or_offtopic,
46add86f-a808-4da0-a9b7-f03155b96ba0,i guess i would feel more like joseph with walt trusting me to care for mother and over the finances which he did six months before he died there are times i want to defend my self but god makes me be quiet,safety,0.647876,huggingface_dair-ai_emotion,safety,
dd0da7a1-0121-4731-85a3-18f1b7a81d12,i was warming up starting feeling a little lethargic,other_or_offtopic,0.259863,huggingface_dair-ai_emotion,other_or_offtopic,
e55a9e4d-2ba5-45ee-bfa3-618ab8b64f11,i feel excelent but sometimes theres just nothing to do especially since im not really keen on video games anymore i watch a bit of anime and some movies but theres just got to be more in my life,other_or_offtopic,0.588857,huggingface_dair-ai_emotion,other_or_offtopic,
faaf0e1b-55ff-45b0-a5bf-50242ebf371b,i wonder if this is what master is feeling i am r wanting and eager to please and i am master who could very much enjoy his my attentions but won t because it is wrong as i he has no desire to return his my affections,other_or_offtopic,0.49353,huggingface_dair-ai_emotion,other_or_offtopic,
6c39813c-8dc2-4988-a9c3-909847d70bc4,im feeling a little bit more positive now as things were quite hard at first as my savings were eaten up quickly with costs and i didnt want to become a burden to my boyfriend but weve come out the other end and im feeling brighter and more inspired about things to come,other_or_offtopic,0.314235,huggingface_dair-ai_emotion,other_or_offtopic,
ca9b9970-bcf6-4add-bdb6-00c3c9190768,im just feeling rather sentimental right now and just have to say i feel so lucky to be maxs mom,other_or_offtopic,0.572774,huggingface_dair-ai_emotion,other_or_offtopic,
b5748735-51f9-4a32-b8d1-f943c527eebc,i make myself show up and feel isolated in the crowd ill know i was wrong about the anti social feeling,other_or_offtopic,0.327106,huggingface_dair-ai_emotion,other_or_offtopic,
3bcbfe67-0cb7-45fe-9563-43cdd12eb3ea,ive learned how to turn off all my emotions more and more and i often find myself feeling completely blank while my mother is crying continuously over my suicidalness,safety,0.323099,huggingface_dair-ai_emotion,safety,
e37d06d6-f8e4-4376-a1da-f89c2ebaaa6e,i can understand that you may feel youd rather not do your bit for the vulnerable and homeless in london in that precise way,other_or_offtopic,0.538603,huggingface_dair-ai_emotion,other_or_offtopic,
ef60a9a2-ea50-4ed4-98d0-2723d71c95d3,i can finally stop feeling listless and like a waste of space,other_or_offtopic,0.522007,huggingface_dair-ai_emotion,other_or_offtopic,
c184f77c-5450-4d7c-8c4e-06182cf792e0,Shanghai is also really exciting (precisely -- skyscrapers galore). Good tweeps in China: (SH) (BJ).,other_or_offtopic,0.273903,huggingface_mteb_tweet_sentiment_extraction,other_or_offtopic,
3d03d50c-d619-433a-83b1-4914a99104ec,"Recession hit Veronique Branquinho, she has to quit her company, such a shame!",other_or_offtopic,0.602844,huggingface_mteb_tweet_sentiment_extraction,other_or_offtopic,
922a0218-0c0f-4dd1-bdee-63a146a7f235,"soooooo wish i could, but im in school and myspace is completely blocked",other_or_offtopic,0.476804,huggingface_mteb_tweet_sentiment_extraction,other_or_offtopic,
4bdfde1b-606c-4389-a492-cbd0439147eb,and within a short time of the last clue all of them,other_or_offtopic,0.271733,huggingface_mteb_tweet_sentiment_extraction,other_or_offtopic,
39ab85cf-a65b-4b41-8078-e5d47502bd2f,What did you get? My day is alright.. haven`t done anything yet. leaving soon to my stepsister though!,other_or_offtopic,0.589123,huggingface_mteb_tweet_sentiment_extraction,other_or_offtopic,
84e260af-191c-4f45-b0bb-dfb9afc0a647,"I`m in VA for the weekend, my youngest son turns 2 tomorrow......it makes me kinda sad, he is getting so big, check out my twipics",other_or_offtopic,0.470446,huggingface_mteb_tweet_sentiment_extraction,other_or_offtopic,
b02c6122-9e66-4653-af6f-4e009bb5bf96,Its coming out the socket I feel like my phones hole is not a virgin. That`s how loose it is... :`(,equipment,0.66485,huggingface_mteb_tweet_sentiment_extraction,equipment,
3d87b869-1198-47ec-b0aa-77599934301a,"So hot today =_= don`t like it and i hate my new timetable, having such a bad week",weather,0.680582,huggingface_mteb_tweet_sentiment_extraction,weather,
7e1c42cc-8a51-494b-976b-b89f2cdcbf9a,"I`m going into a spiritual stagnentation, its exploding my ego!. I now realise, i`m not all that great. and I`m ok with that.",other_or_offtopic,0.611271,huggingface_mteb_tweet_sentiment_extraction,other_or_offtopic,
9d445445-40b6-4c6b-9405-18348fd28a87,My dead grandpa pays more attention to me than you do,other_or_offtopic,0.57934,huggingface_mteb_tweet_sentiment_extraction,other_or_offtopic,
0d387811-9eb0-4064-8f8d-a215da333c96,look who I found just for you ---> http://twitter.com/DJT2009,navigation,0.411278,huggingface_mteb_tweet_sentiment_extraction,navigation,
3efc0ae5-0f9d-4259-bbbd-1d1994be699b,"No AC, the fan doesnt swing our way ... we are sweating it out on a hot humid day",equipment,0.482932,huggingface_mteb_tweet_sentiment_extraction,equipment,
62a635fd-fbfe-4102-8640-c816f8a02b3c,guess that depends on if you want to be on the jury,other_or_offtopic,0.606329,huggingface_mteb_tweet_sentiment_extraction,other_or_offtopic,
c7c55950-6637-4fe7-b702-96c59da61c72,So I really need to put the laptop down & start getting ready for shindig...But I`ve missed my TwitterLoves all day,other_or_offtopic,0.6404,huggingface_mteb_tweet_sentiment_extraction,other_or_offtopic,
454d4502-6704-4af3-b8f1-b7002d61c05a,"feels sorry every time I`m printing out, I use like 200 new papers",other_or_offtopic,0.391255,huggingface_mteb_tweet_sentiment_extraction,other_or_offtopic,
3744149e-2ad1-4b1c-8b24-66140380b075,I always forget SOMETHING when I travel. I am at Newark airport.,other_or_offtopic,0.619264,huggingface_mteb_tweet_sentiment_extraction,other_or_offtopic,
a198ff58-624d-4c41-a6cf-45328524b314,Should have left car and walked home! I might need someone to rescue me with petrol! Light flashing,safety,0.563557,huggingface_mteb_tweet_sentiment_extraction,safety,
fb1f50f4-5195-4fc0-9bfb-80bd9119c1f1,"Hi there. I agree! Small children should be running about happy, not breaking down in tears",other_or_offtopic,0.446935,huggingface_mteb_tweet_sentiment_extraction,other_or_offtopic,
0526bebe-c39b-455b-96d6-5a4e52d92ce6,i miss my old phone it worked so good until i dropped it i want a new one for my birthday...,equipment,0.562121,huggingface_mteb_tweet_sentiment_extraction,equipment,
34a5760c-1638-447a-a92b-53408aee20a5,im really sorry i know wallah how u feel this life is shittttttttt,other_or_offtopic,0.496673,huggingface_mteb_tweet_sentiment_extraction,other_or_offtopic,
700f9af0-f3e6-45d3-8461-b759d981dc87,you should totally come get me and bring me to kelslaws house with you.,navigation,0.33309,huggingface_mteb_tweet_sentiment_extraction,navigation,
b4e04be3-89f4-49c0-acfa-5671d2b7e730,"You seem nice, you`re generous and you know your stuff",safety,0.310715,huggingface_mteb_tweet_sentiment_extraction,safety,
8924dfd3-1bbf-430a-9c23-5bcb0029291f,U so dirrrrrty... Why oh why did I pick the Hawks I figured I needed a longshot and they were a better bet than CAR,other_or_offtopic,0.482708,huggingface_mteb_tweet_sentiment_extraction,other_or_offtopic,
d0404bd1-e523-4a1d-8887-aed32748cec1,almost got a kitty yesterday...but it didn`t work out,other_or_offtopic,0.62685,huggingface_mteb_tweet_sentiment_extraction,other_or_offtopic,
6f233dd3-f0ba-4c3b-a3ff-7cbab6cc03b9,"reality needs to check in. schools over. time to party not tonight tho, im going to bed. night, night.",other_or_offtopic,0.473669,huggingface_mteb_tweet_sentiment_extraction,other_or_offtopic,
de4f5d65-8510-446f-a34b-f89071347415,Caladesi was definitely a nice peaceful way to spend a Sunday! I got a lil tan!,safety,0.310133,huggingface_mteb_tweet_sentiment_extraction,safety,
e427f4a1-a4ce-47d1-b8fd-d9db6b8bb646,Change of plans. I am staying in Brandon. No Papaya Salad for me.,other_or_offtopic,0.527886,huggingface_mteb_tweet_sentiment_extraction,other_or_offtopic,
41099253-7160-417d-92fc-51c1d25e2e18,at starbucks with my love. eff school. i have work later too.,other_or_offtopic,0.388457,huggingface_mteb_tweet_sentiment_extraction,other_or_offtopic,
d23d1baa-036f-41c8-bdfb-33d4a490534f,"Hi all, just recovering from a party, looking forward to an exciting bank holiday around the diy shops...life cant get much better.surely",other_or_offtopic,0.486229,huggingface_mteb_tweet_sentiment_extraction,other_or_offtopic,
c5a0cd03-36a6-4346-bb01-20433894a123,"for...the...loss. dumbface ...him, not u. what u up to on the wknd? i wanna seeeeeee ya!",other_or_offtopic,0.601987,huggingface_mteb_tweet_sentiment_extraction,other_or_offtopic,
49ce5587-8d8c-4899-b36f-2ba4c8624570,Why do I have to enter my registration details every time I update?,licensing,0.37968,huggingface_mteb_tweet_sentiment_extraction,licensing,
c40895a4-bc88-4a81-accc-ddafb8c05e8c,"On the monday, so i wont be able to be with you! i love you",other_or_offtopic,0.619986,huggingface_mteb_tweet_sentiment_extraction,other_or_offtopic,
fa26f763-a34e-421a-a263-797b14eb1cbe,"Ur so cute..I`m a fan of Dream A Little Dream, This Kiss and appearances like in Dawson`s Creek Make more flicks!",other_or_offtopic,0.342864,huggingface_mteb_tweet_sentiment_extraction,other_or_offtopic,
2776a2af-7616-4d0d-98ae-0d70897f880e,TGIF is right...I think I broke my toe last night - on my bad foot.,other_or_offtopic,0.265178,huggingface_mteb_tweet_sentiment_extraction,other_or_offtopic,
2d7185d3-393d-4953-a2c2-e56aa9ce91b6,"Oherr it`s soon then, do you have plans? I had a party on saturday x",other_or_offtopic,0.650325,huggingface_mteb_tweet_sentiment_extraction,other_or_offtopic,
20f0d57c-8d48-4e04-bea9-9ef44cc9d976,AT&T cheated the system and now I have no Green Day tickets **** you AT&T!,other_or_offtopic,0.509159,huggingface_mteb_tweet_sentiment_extraction,other_or_offtopic,
27ab1e79-3de7-43f2-a84a-0cb398503c95,Tracy and Berwick breaks my achy breaky heart They split ways in the hallways.,navigation,0.381239,huggingface_mteb_tweet_sentiment_extraction,navigation,
290cb160-6543-45c9-9c11-6388b9f56439,im a lady and ladies don`t move couches. they direct where the couches go,navigation,0.61356,huggingface_mteb_tweet_sentiment_extraction,navigation,
67d43fef-f0dc-460a-9712-1322a0d23dc4,Yay for Block Party! You`re the BOMB! Blockheads <3 Dave! Thanks for supporting NKOTB!,other_or_offtopic,0.295977,huggingface_mteb_tweet_sentiment_extraction,other_or_offtopic,
3703ec99-bdea-4f1d-b3c5-cbaea95c1d0b,Guess what? mom adopted a kitty today (11 months) His name is Corky,other_or_offtopic,0.449832,huggingface_mteb_tweet_sentiment_extraction,other_or_offtopic,
97fd5bea-a3ab-4a29-8dbc-e1d7f19ac6bc,Happy Birthday Snickers!!!! ? I hope you have the best day ever! Let`s go shopping!!!,other_or_offtopic,0.483226,huggingface_mteb_tweet_sentiment_extraction,other_or_offtopic,
ab643138-a475-4515-bbd3-12279b5b26de,lol man i got 2 1 /2 hrs an iont how i woulda made it wit out my ramen noodles and t.v. Time,other_or_offtopic,0.528947,huggingface_mteb_tweet_sentiment_extraction,other_or_offtopic,
38032a6e-c668-4f43-91be-ad194f265abd,"http://twitpic.com/ - My ear hurts, and THIS is my medicine. GUM",other_or_offtopic,0.576589,huggingface_mteb_tweet_sentiment_extraction,other_or_offtopic,
8bfe332e-f58e-4d2d-a7dd-ebc5c6201e9c,was so excited to eat the wartermelon i bought the other day and it was terrible and not sweet,other_or_offtopic,0.301314,huggingface_mteb_tweet_sentiment_extraction,other_or_offtopic,
7fd13bff-c982-461c-acca-a796c263eff8,Take antibacterial to school to clean your hands when you cant go the loos,safety,0.600139,huggingface_mteb_tweet_sentiment_extraction,safety,
6a134533-8d7a-4b8e-a4d0-2e8d5148b042,I`m leaving work now. Trying to decide if I return on Sunday afternoon or Monday 4 am to meet a noon (UK time) deadline.,other_or_offtopic,0.436873,huggingface_mteb_tweet_sentiment_extraction,other_or_offtopic,
3f9bb616-c049-4b76-842b-fac99372353d,haaaw..well i get out of class at 10:50..i hope i make it,other_or_offtopic,0.568844,huggingface_mteb_tweet_sentiment_extraction,other_or_offtopic,
e0294a9b-b245-42df-8d80-ede90fdd24a0,"oooh, sunshine! A patch of sunshine! And it will be gone by the time I leave work and replaced with rain. /vent",weather,0.54339,huggingface_mteb_tweet_sentiment_extraction,weather,
62eed53a-6c58-42dc-a0a3-ac5063bf3f25,"Just had a great study time followed by a delicious Japanese meal with Arty! Now, trying to get back into the study mood",other_or_offtopic,0.552131,huggingface_mteb_tweet_sentiment_extraction,other_or_offtopic,
ba882791-73e7-4e9f-a5f5-ae3c68b0d7b4,"lol since I got twitter a little while ago, it seems like loads of people setting up an account",other_or_offtopic,0.325501,huggingface_mteb_tweet_sentiment_extraction,other_or_offtopic,
fb6fa836-b330-4d29-b883-4e0ec12902db,learning tat the scenic way din plan to go town but somehow was herded there?,other_or_offtopic,0.504695,huggingface_mteb_tweet_sentiment_extraction,other_or_offtopic,
512a099c-a992-4cc1-8312-055dff98a996,yeah i need his fricken cell number ive tried his home for months and hes too busy. i miss braddddddddd,other_or_offtopic,0.438997,huggingface_mteb_tweet_sentiment_extraction,other_or_offtopic,
9a712f75-f27a-4a95-9a0c-fed7d2a02229,Toy Story 3 trailer premiered with Up. I need my computer back.,equipment,0.61978,huggingface_mteb_tweet_sentiment_extraction,equipment,
d5cb2827-be6e-4e74-afd8-7a512f13de54,And- hand made by Dan & Jenn -sock blockers ... made from exotic woods ... one of which is called 'purple heart',equipment,0.332198,huggingface_mteb_tweet_sentiment_extraction,equipment,
b53ad93c-763c-40b1-9a3c-2f5d5b5062cb,i always have those for my Champions League parties Tis awesome,equipment,0.314782,huggingface_mteb_tweet_sentiment_extraction,equipment,
55b7da25-a41a-4e59-b628-7a145eff17d0,"well, not all. just stay away from those kinds and surround yourself with those who don`t. happy mother`s day to ur mom, treiz!",other_or_offtopic,0.437803,huggingface_mteb_tweet_sentiment_extraction,other_or_offtopic,
c451964b-c682-4b3a-8685-decc836e9f17,_Adel they didn`t reply yet.. wait till they confirm.. in case somebody might have translated it already..,other_or_offtopic,0.447644,huggingface_mteb_tweet_sentiment_extraction,other_or_offtopic,
49a1ac17-24aa-4887-bdbd-88971915f66c,thats rough. hubby had knee surgery but it did help him in the end. Let us know the results. We`ll keep him in our prayers,other_or_offtopic,0.419787,huggingface_mteb_tweet_sentiment_extraction,other_or_offtopic,
b82e3f11-79ae-4ed1-b5a6-51f51c2391fa,might have to go back much earlier than expected. bye bye bay area,other_or_offtopic,0.68487,huggingface_mteb_tweet_sentiment_extraction,other_or_offtopic,
b131fa98-ed41-491d-9943-59b518b3fdba,"yep - three things: a good haircut, the ability to listen and the value of not taking yourself too seriously",other_or_offtopic,0.365672,huggingface_mteb_tweet_sentiment_extraction,other_or_offtopic,
593adb12-35ce-4870-a642-8c12cbc19d81,Big Sad Face Bing doesn`t work on iPhone. It just takes you to the regular mobile Live search.,other_or_offtopic,0.421679,huggingface_mteb_tweet_sentiment_extraction,other_or_offtopic,
05322a07-d559-408b-8b6e-c448305f0c4b,I liked it. Did you record it yourself? If so you have a very soothing voice.,other_or_offtopic,0.246974,huggingface_mteb_tweet_sentiment_extraction,other_or_offtopic,
28ee38fa-c57d-4071-8881-22cc161ae8a0,man im so sad school is ending but then again high school might be better :O,other_or_offtopic,0.605544,huggingface_mteb_tweet_sentiment_extraction,other_or_offtopic,
d8a3febd-1e93-4a19-8a53-89ebde379284,"Folks thought it was hilarious when I told them the story, and then they saw the shirt I wore tonight. Laughter all night.",other_or_offtopic,0.518974,huggingface_mteb_tweet_sentiment_extraction,other_or_offtopic,
f90f0891-cb75-4905-9b69-cb9a1c967ab8,oh my god!!! i cried so much!!! watch this guys from BGT http://bit.ly/5t5Xz,other_or_offtopic,0.415667,huggingface_mteb_tweet_sentiment_extraction,other_or_offtopic,
d1028dd8-ea64-4717-a705-a5aeddede0cc,My near daily exercise is starting to show results.,other_or_offtopic,0.335892,huggingface_mteb_tweet_sentiment_extraction,other_or_offtopic,
6ec38be4-2c1d-4c79-a2d7-77ffdbe6babe,Bout to hit pmark then make one of my final meals wit the housemates..,other_or_offtopic,0.562605,huggingface_mteb_tweet_sentiment_extraction,other_or_offtopic,
eedc8b61-cfd5-46bd-a1fb-ee0d9bf40ad7,I have the Job this is a nice day it can not be better,weather,0.498892,huggingface_mteb_tweet_sentiment_extraction,weather,
eb8607ef-6d04-43c0-8563-19365b54796a,"I <3 Rupert Grint......& of the boy, Ive accepted tht I do fancy him But im certain he doesnt feel the same so its not worth telling him",other_or_offtopic,0.65693,huggingface_mteb_tweet_sentiment_extraction,other_or_offtopic,
2fcca3c8-6cae-404b-a2eb-3c72a1b534f3,TweetDeck is acting really strange! Hum........ reinstall maybe. Update on the horizon? Or is it just another Adobe memory leak,other_or_offtopic,0.538214,huggingface_mteb_tweet_sentiment_extraction,other_or_offtopic,
1b5d34df-eb43-4baf-93d6-aae0e5d20ca7,tikcets are only ï¿½91...each...BUT I SO WANT TO GO,equipment,0.621733,huggingface_mteb_tweet_sentiment_extraction,equipment,
8ede5a11-7ed7-4235-82f3-f16e284e9201,"D-group Saturday`s, with a little bit of football, an hour nap, 3 hours of soccer, basketball in the TSU and Yogurtland... Life`s Good",other_or_offtopic,0.398631,huggingface_mteb_tweet_sentiment_extraction,other_or_offtopic,
62d8e58f-9c1d-4509-a60d-e49c92e684ff,just set up a new computer again. 15min. I love Norton Ghost.,equipment,0.355137,huggingface_mteb_tweet_sentiment_extraction,equipment,
7209b3ec-0ce7-479d-9fda-49beec097b22,Ahhh my mommie got me new sheets for my bed so comfy,equipment,0.37323,huggingface_mteb_tweet_sentiment_extraction,equipment,
a22bf4a7-27ba-4578-97ba-db552dfd6416,im just up :-| and its 12:43 :O im so lazy thank god its a bank holiday,other_or_offtopic,0.625872,huggingface_mteb_tweet_sentiment_extraction,other_or_offtopic,
5a6c1fad-cc01-48a7-b022-f7dc91eab7b6,is pretty dang tired. but chambers class is for napping.,other_or_offtopic,0.422969,huggingface_mteb_tweet_sentiment_extraction,other_or_offtopic,
f0a3ec6a-ff71-4388-877f-49f946548500,YES! Im down to 50% full on my dvr i was at 98% like 3 days ago... lol I swear if I didnt have a dvr I would never watch tv,other_or_offtopic,0.335093,huggingface_mteb_tweet_sentiment_extraction,other_or_offtopic,
0c920df4-9572-4582-aa2c-1a7154763458,Just listened to condre scr and got an invitation to watch their live concert on June 20th in Munich http://bit.ly/DAXA0 #postrock,other_or_offtopic,0.558077,huggingface_mteb_tweet_sentiment_extraction,other_or_offtopic,
8ca19c67-5b57-441e-b91f-4cc513ad520d,"E.L.O. wow, brings back so many happy memories. LOVE this band!..and yes, I know I`m showing my age but I don`t care",other_or_offtopic,0.338365,huggingface_mteb_tweet_sentiment_extraction,other_or_offtopic,
3fc85a00-a479-4e5d-b37e-ed1955f7ba7e,oh i love sunday mornings like this - mum just made scrambled eggs on toast,other_or_offtopic,0.334533,huggingface_mteb_tweet_sentiment_extraction,other_or_offtopic,
fcf53e6d-ff22-49a0-bff2-77c4dd8de8c1,Wondering if i cld make things any worse than they already are... answer.. JUST DID!!!,other_or_offtopic,0.616745,huggingface_mteb_tweet_sentiment_extraction,other_or_offtopic,
c12436d7-bb5e-43f2-bb1b-ab44c5d662fe,a Dutch marketing agency is asking job applicants to apply in 140 characters or less http://www.energize.nl/twillicitatie/,navigation,0.318433,huggingface_mteb_tweet_sentiment_extraction,navigation,
495bf87c-d586-4ff7-b7a7-66931785eed8,Twitter has spoiled all the fun. Frustratingly slow!! couldnt even bid properly!,other_or_offtopic,0.348047,huggingface_mteb_tweet_sentiment_extraction,other_or_offtopic,
76aff81c-9fdc-4c36-b677-7632a4ba7a09,Going to bed after a great night with a friend glad to know she has the same feelings about classes as someone else,other_or_offtopic,0.493227,huggingface_mteb_tweet_sentiment_extraction,other_or_offtopic,
b2e46853-d4f0-46c4-afab-e8ae95bc1d8e,"many! mine included. ahem. shld have known better back then, wldn`t have missed so many opportunities haha",other_or_offtopic,0.581193,huggingface_mteb_tweet_sentiment_extraction,other_or_offtopic,
89e39e8e-0c66-4f1e-bda3-0ea12476d4b6,it`s nice to leave the office when the sun is still up,safety,0.365573,huggingface_mteb_tweet_sentiment_extraction,safety,
d948f716-1986-4354-83e1-8027fe688ea0,"between the Garlic Pills, the Spider bite between your toe (LOL-Classic) and you always being hungry. U are killing me 2 funny",other_or_offtopic,0.639395,huggingface_mteb_tweet_sentiment_extraction,other_or_offtopic,
64445e80-eb8c-45b8-ab44-62e3cb46043b,*sighs* Ah well. Maybe my second email will clear it up and get him approved.,other_or_offtopic,0.40949,huggingface_mteb_tweet_sentiment_extraction,other_or_offtopic,
c71f4c0b-c965-4f3f-bcc3-d07c41a9014c,--that came to my mind. So I said it. And it has now been adapted into my family`s vocabulary,other_or_offtopic,0.320863,huggingface_mteb_tweet_sentiment_extraction,other_or_offtopic,
def1ef6d-6a98-4841-a6a6-be7af06be2f5,Sadly I think I know exactly were you put it--in the expired drawer Those things have a life span of less than two years,navigation,0.325546,huggingface_mteb_tweet_sentiment_extraction,navigation,
1575d8c3-6355-4274-801a-526f3ef2972b,"Too much? No, not unless one of the pillows ends up suffocating the one sleeping next to you.",safety,0.469059,huggingface_mteb_tweet_sentiment_extraction,safety,
aedfef4a-0393-4e45-b440-766e2f748839,Meeting my best friend first thing in the morning to the gym! Omg I am still so shocked. I hope you will get better soon,other_or_offtopic,0.420629,huggingface_mteb_tweet_sentiment_extraction,other_or_offtopic,
211ebc4e-51df-42e0-a157-b215fa247ce8,Wow that was fast...next up Soderling or Ferrer. Gilles Simon lost,other_or_offtopic,0.515888,huggingface_mteb_tweet_sentiment_extraction,other_or_offtopic,
3dbe5420-ac79-4732-b4c5-39dcca49896f,Yup theory is GREAT but the reality is beyond imagination... I also made the same planning not knowing VS will FAIL on me,other_or_offtopic,0.608762,huggingface_mteb_tweet_sentiment_extraction,other_or_offtopic,
d2a837e3-9176-4e21-ba29-e2d9afbdb6ba,glad to know that the ad display problem was due to a firewall config at yr office. phew!,safety,0.508046,huggingface_mteb_tweet_sentiment_extraction,safety,
3522ecea-bb73-4aae-ad98-5d12b0b858ee,"'I don`t like Monday, i wish it were sunday, cause that`s my fun day.' that was my freaking jam when i was little. i miss it.",other_or_offtopic,0.687721,huggingface_mteb_tweet_sentiment_extraction,other_or_offtopic,
e45d15f6-9418-4701-a2f3-dc02a46ed1f7,"Waiting for the last movie to finish then am test screening Ghost of Girlfriends Past, glass of wine and lolly bag in hand, yay!",other_or_offtopic,0.454551,huggingface_mteb_tweet_sentiment_extraction,other_or_offtopic,
5eb5455e-3cde-4bb2-921e-67581687a9e3,Happy #StarWarsDay. May the 4th be with you! From everyone _paintball,other_or_offtopic,0.522563,huggingface_mteb_tweet_sentiment_extraction,other_or_offtopic,
45b5e093-3082-4c55-a842-99c5d45672c1,http://twitpic.com/4w67k - Camping at black butte lake,other_or_offtopic,0.518979,huggingface_mteb_tweet_sentiment_extraction,other_or_offtopic,
9ca5ebe1-0334-4372-a247-f4dcbbbafc11,"are you getting my messages or do you have to add me to recieve them, soz I`m new to this",navigation,0.29856,huggingface_mteb_tweet_sentiment_extraction,navigation,
901ed624-14fa-4de3-880d-62cc7ebee2b1,sick to my stomach.. and i have a headache.. i wish someone could come rub my temples.,other_or_offtopic,0.511258,huggingface_mteb_tweet_sentiment_extraction,other_or_offtopic,
ba04b66b-99c0-4f75-987d-6a732e7c9d8f,****! natalya! you gotta tell me whats going on!!! i`d call you but i lost all my phone numbers when i broke my blackberry,other_or_offtopic,0.454014,huggingface_mteb_tweet_sentiment_extraction,other_or_offtopic,
376a6041-3455-4d32-99bb-cd36a26f2284,_Brown been holding onto this one for a while http://twitpic.com/4w5eh,other_or_offtopic,0.46628,huggingface_mteb_tweet_sentiment_extraction,other_or_offtopic,
c9537fac-2baa-4c1e-9e23-535193d1ef19,Panchito`s burfday party tonight... wish you were here kiddo!,other_or_offtopic,0.437369,huggingface_mteb_tweet_sentiment_extraction,other_or_offtopic,
b8b84899-e0a6-481d-8ba1-0f981751cf82,Back from town and my Mac crashed on me but it`s better now,equipment,0.361263,huggingface_mteb_tweet_sentiment_extraction,equipment,
9d2f570e-2107-4be6-9170-92cdb5ac4a0f,misses my Mom today. She was my Best Friend and even though she has been gone several yrs I still miss her dearly. Happy Mother`s Day,navigation,0.324107,huggingface_mteb_tweet_sentiment_extraction,navigation,
6b963523-ab0f-42b5-8fc9-63d9792e87b6,I am watching Blood + on veoh episode 19 love the music.wishing i could watch the live action but not old enough,other_or_offtopic,0.410462,huggingface_mteb_tweet_sentiment_extraction,other_or_offtopic,
fd4332cc-7a11-4a72-a9e0-91da3b67d248,He is the truth! But what about Maxwell? You can`t forget the future father of my children!,other_or_offtopic,0.433016,huggingface_mteb_tweet_sentiment_extraction,other_or_offtopic,
a25eeb2f-e401-4e00-bf4b-265ad8a907c7,http://twitpic.com/665jw The racoons ate our bread!,other_or_offtopic,0.674188,huggingface_mteb_tweet_sentiment_extraction,other_or_offtopic,
b462a7ce-14b7-493a-9a42-8734646e8fc0,Be sure to let the moms you know how fabulous you think they are!! Almost Mother`s Day.,other_or_offtopic,0.361524,huggingface_mteb_tweet_sentiment_extraction,other_or_offtopic,
12806a8d-fa2c-493a-a2a6-d123f0ae1afc,"_in_a_story Glad I`m not the only one. He`s our baby, and I`m terrified he`ll think we`re never coming back.",other_or_offtopic,0.362896,huggingface_mteb_tweet_sentiment_extraction,other_or_offtopic,
09020107-b732-45aa-833d-bebc7c41ac1e,No launch today. Teacher changed plans and we watched a stupid move about tesla,other_or_offtopic,0.488707,huggingface_mteb_tweet_sentiment_extraction,other_or_offtopic,
7959e76d-8773-4ecc-8a61-61a09ba4e41e,it`s very pleasant. i sooo rarely just have time to kill...,other_or_offtopic,0.44997,huggingface_mteb_tweet_sentiment_extraction,other_or_offtopic,
c293d0c0-eff0-4630-9cf5-25fb8367bab0,thank you!! ooh I see you`ve read Desert Islands http://is.gd/ys6K great book!,other_or_offtopic,0.50627,huggingface_mteb_tweet_sentiment_extraction,other_or_offtopic,
5262400e-b973-4651-8b41-5b964fcca2c9,Again working on the internet shop ... don`t think we will achieve the goal of uploading by the previously set time Will keep going,other_or_offtopic,0.604902,huggingface_mteb_tweet_sentiment_extraction,other_or_offtopic,
4fbd1c28-0f36-45c1-81d5-57fb54d4cc0e,_Wright THANK YOU! 'Return of the Mack' is THE jam!,equipment,0.346349,huggingface_mteb_tweet_sentiment_extraction,equipment,
bfeab41a-316c-4ce8-91c2-d0378ebf8519,Ready for this saddenning depressing dullful upsetting dreadful weekend.,other_or_offtopic,0.409992,huggingface_mteb_tweet_sentiment_extraction,other_or_offtopic,
7d530fac-d71a-4175-b4a1-f891fc7963d9,sorry for my lack of tweets ive been buzy. new vid this saturday!!,other_or_offtopic,0.585015,huggingface_mteb_tweet_sentiment_extraction,other_or_offtopic,
ab617216-e48e-43e5-bbca-9853553fec90,"I do my humble best Going on a works paintball day soon so that should fuel a few strips, no doubt",other_or_offtopic,0.436489,huggingface_mteb_tweet_sentiment_extraction,other_or_offtopic,
be473e85-9b39-430f-bbf5-58e45d6b32e0,_Morden ..be at richard`s. if not then i`ll see you when you/we get back good luck!,safety,0.3624,huggingface_mteb_tweet_sentiment_extraction,safety,
bacb4acc-2ef7-4ee1-8518-2110529cae75,Thanks...I really do appreciate that. I know it will be the hardest thing I have ever done,other_or_offtopic,0.522172,huggingface_mteb_tweet_sentiment_extraction,other_or_offtopic,
3843653f-766d-498d-a66f-fda0f466f3ee,Spent the last hour signing yearbooks. I`ll miss you guys!,other_or_offtopic,0.487622,huggingface_mteb_tweet_sentiment_extraction,other_or_offtopic,
a01cc94e-4a3a-4348-bb9d-9cdb3182276d,My mobile has stopped recieving text messages AGAIN. Stoooopid thing,other_or_offtopic,0.514147,huggingface_mteb_tweet_sentiment_extraction,other_or_offtopic,
0da7fbba-f972-4d9d-9c9a-26606c373055,is fixin to clean the house for my mom for mother`s day,other_or_offtopic,0.638627,huggingface_mteb_tweet_sentiment_extraction,other_or_offtopic,
6a77fe8f-23de-468e-87d5-e13784aa8909,"Why do you think people say, 'save the drama fo yo mama?' I`m sure even yo mama wouldn`t wanna listen to ur drama. Ode to mother`s day!",other_or_offtopic,0.60213,huggingface_mteb_tweet_sentiment_extraction,other_or_offtopic,
6d879102-0505-4433-8fc7-19a4862811b4,i did i only got 3 stars on the pre wash then failed the rince,equipment,0.246971,huggingface_mteb_tweet_sentiment_extraction,equipment,
059fadb8-6c20-4b6f-9971-f90180f18a68,MY SiSTER iN LAW JUST LEFT FOR HER PROM!! SHE LOOKED SOO PRETTY.. TEARS ALL AROUND,other_or_offtopic,0.397965,huggingface_mteb_tweet_sentiment_extraction,other_or_offtopic,
8276e55b-4b84-42e2-82d7-66696f451155,bought three books!! yipee!! now who`s with me on that read-ten-books-during-the-summer thing?,other_or_offtopic,0.368802,huggingface_mteb_tweet_sentiment_extraction,other_or_offtopic,
c463d1b0-f520-43e4-9d3d-f7a44881e7b2,I`m really bored! My brother went to get his permit! Stay off the roads! Jk lol! It feels like all my friends have abandoned me! Except 1,safety,0.385064,huggingface_mteb_tweet_sentiment_extraction,safety,
d4b46a9a-9de4-4fa7-9549-75849835dd90,"but i do emily ahahha you scare me, so it would work",safety,0.391435,huggingface_mteb_tweet_sentiment_extraction,safety,
131db999-49eb-4641-95a8-745922714a50,"I know dude, i`m doing re-runs, making Jenny watch them now too so we can have conversations LOL. Haven`t been online much",other_or_offtopic,0.620585,huggingface_mteb_tweet_sentiment_extraction,other_or_offtopic,
12917672-8fe5-4e18-bdd0-7d5339c165ff,should not have waled past the Quad! I want to be outside having fun.,other_or_offtopic,0.473403,huggingface_mteb_tweet_sentiment_extraction,other_or_offtopic,
7a2db300-74b3-4b56-8e83-19556fc8ed39,"just rocked home from maccas, and now signing a petition for big bang to tour aus LOL",other_or_offtopic,0.691714,huggingface_mteb_tweet_sentiment_extraction,other_or_offtopic,
a5a58e19-dafd-4418-8b83-e21d9d7d6e2b,i think the food i ate made me sick.. i no feel so good,other_or_offtopic,0.493441,huggingface_mteb_tweet_sentiment_extraction,other_or_offtopic,
f8f6d273-4de0-4a52-a886-446037a9f623,"Lots of tasks to complete today. First, wecloming new members to Canadamigos Social Networking site, www.canadamigos.com, and coffee",other_or_offtopic,0.292917,huggingface_mteb_tweet_sentiment_extraction,other_or_offtopic,
fce3fcdc-72dc-4a61-a1e5-80da35402338,Just wants to stay in bed all day but has to go to work instead sux,other_or_offtopic,0.566942,huggingface_mteb_tweet_sentiment_extraction,other_or_offtopic,
ba288d0c-a4df-4a6d-b201-275e227754b3,chillen trying to figure this thing out gettin drunk,other_or_offtopic,0.555434,huggingface_mteb_tweet_sentiment_extraction,other_or_offtopic,
a42f98d6-fa53-4fb5-884f-18e16936e82c,yay doctors now interview then back 2 the doctor`s for blood work,navigation,0.377377,huggingface_mteb_tweet_sentiment_extraction,navigation,
06377ab7-414b-45eb-9d40-809276614730,Propellerheads has been on my harddrive for a long while. Just got my music repo back in shape this WE and felt nostalgic,other_or_offtopic,0.313231,huggingface_mteb_tweet_sentiment_extraction,other_or_offtopic,
37e782bf-b25c-4920-b100-37b07f023cf8,Glorious sunny day in London town.. I`m in drama school fighting people with swords while protecting my romantically structured face,other_or_offtopic,0.563063,huggingface_mteb_tweet_sentiment_extraction,other_or_offtopic,
63c5e090-a49b-4376-8e47-e68a282b72ec,_89 I feel so sorry for her hope she dnt cry 2nd time,other_or_offtopic,0.482135,huggingface_mteb_tweet_sentiment_extraction,other_or_offtopic,
4cdf910b-0b94-432a-98c4-b17336a926a7,would wish the severe migrains would stop!!! doc`s prescriptions arent working,weather,0.438007,huggingface_mteb_tweet_sentiment_extraction,weather,
81c34aa4-c060-4998-85df-f08fe8461a5e,"09/09 +full moon+ my lovely friends and family= my b-day wish came true;)<3 In addition,gray matters is one of the cutest movies ever!!",other_or_offtopic,0.428921,huggingface_mteb_tweet_sentiment_extraction,other_or_offtopic,
19dd8c2e-e184-4028-836e-26bd6faea93f,"you should so host the next logies, i only laughed at your bit really",other_or_offtopic,0.685554,huggingface_mteb_tweet_sentiment_extraction,other_or_offtopic,
745163c2-4213-4b1f-a42e-e8210a354317,Hi Jordan i`m gonna all of u...I know ur busy and i know ur probably tired. but please reschedule NC. don`t leave us out.,other_or_offtopic,0.378512,huggingface_mteb_tweet_sentiment_extraction,other_or_offtopic,
eb16173d-4d66-4fee-b6a6-afbaade71bea,I`d love to but I think the trek from London would be a bit too much,other_or_offtopic,0.585993,huggingface_mteb_tweet_sentiment_extraction,other_or_offtopic,
d743341f-f49c-48cb-9dc1-f56020a2dce0,thinks revising in the garden from 8 this morning without sunscreen isnt the best idea ive had oucccccccch,other_or_offtopic,0.403463,huggingface_mteb_tweet_sentiment_extraction,other_or_offtopic,
c266b4d2-dcad-4af1-abbc-b34fae868256,"LOL, very true. Maybe next year. I loooved that siggy, and I don`t remember what the password for the mod thing was Cake?",other_or_offtopic,0.550833,huggingface_mteb_tweet_sentiment_extraction,other_or_offtopic,
0e892a57-57fd-4d53-844c-89406d96da1b,Hope you did great - you certainly spent enough time studying.,other_or_offtopic,0.431087,huggingface_mteb_tweet_sentiment_extraction,other_or_offtopic,
e046569f-b8f2-4d99-a24f-66e72f783c71,Straighening my hair and its not going as straight as i want it to be what a bummerrr for me,other_or_offtopic,0.347284,huggingface_mteb_tweet_sentiment_extraction,other_or_offtopic,
fdfa0ef2-1cc7-4d29-b619-7968589d9d82,"#SanctuarySunday thanks for joining on #SanctuarySunday, follow more Sanctuary people to keep up to date on the tweets!",safety,0.404481,huggingface_mteb_tweet_sentiment_extraction,safety,
125d446b-faf6-49ae-bacb-3313dec01771,"Done at Disneyland, kid`s knocked out, stopped by the hotel bar and grabbed a grey goose & tonic on the way up...peace",other_or_offtopic,0.682594,huggingface_mteb_tweet_sentiment_extraction,other_or_offtopic,
3ae4b3d4-d587-4d17-9ecc-9100bce31dec,ok. lol. i miss you too. i hope your cramps get better. i know how painful they can be.,other_or_offtopic,0.325196,huggingface_mteb_tweet_sentiment_extraction,other_or_offtopic,
17eb9049-6a26-43c1-8be5-3998d8d8e373,_MileyCyrus it wont let me do it twitter keeps saying over twitter capacity or something that bird keeps coming up.,other_or_offtopic,0.602504,huggingface_mteb_tweet_sentiment_extraction,other_or_offtopic,
17da8f94-3d89-4ea6-a9d5-1bbf26bc5194,starting the video editing of the first spanking movie we did with Mina ... it will be added to the next update,other_or_offtopic,0.424025,huggingface_mteb_tweet_sentiment_extraction,other_or_offtopic,
0f9fe37c-b02c-48e6-a88f-e13c189a0e05,"In effect, your podcast IS the audio version of your book. Isn`****? (plus, it has the added charm of banter )",other_or_offtopic,0.480252,huggingface_mteb_tweet_sentiment_extraction,other_or_offtopic,
495e7350-8abd-48d4-90b9-d74956f82adf,"Sunny synday morning. Nicole is up later than usual, mommy got some sleep",weather,0.592424,huggingface_mteb_tweet_sentiment_extraction,weather,
482f025e-94f2-40c0-910a-bbecb455bfbf,Browsing find everything about university & interior design.,other_or_offtopic,0.549691,huggingface_mteb_tweet_sentiment_extraction,other_or_offtopic,
42010f4e-b585-43f0-a911-acdca11e52d2,visit si fr joemar dito bataan (frm camiguin) & sum of my ofcmates& i are supposed to meet him this saturday can`t luwas,other_or_offtopic,0.452055,huggingface_mteb_tweet_sentiment_extraction,other_or_offtopic,
6d27a1fb-3b36-4e4d-b510-f229b1c509e4,I am soo excited about your pasadena seminar...if only i can find the confermation email,other_or_offtopic,0.41375,huggingface_mteb_tweet_sentiment_extraction,other_or_offtopic,
9d53b568-3cf5-4376-a94d-3aa9a346dee1,we`ll test that theory with no right arm to strum with. Got a feelin I`ll be humming my new tunes for a while,other_or_offtopic,0.42144,huggingface_mteb_tweet_sentiment_extraction,other_or_offtopic,
